CONUM,County Name [District] 2017-18,Agency Name,State Name [District] Latest available year,Limited English Proficient (LEP) / English Language Learners (ELL) [District] 2017-18,Individualized Education Program Students [District] 2017-18,Direct Certification [Public School] 2017-18,Free Lunch Eligible [Public School] 2017-18,Reduced-price Lunch Eligible Students [Public School] 2017-18,Free and Reduced Lunch Students [Public School] 2017-18,Grades 1-8 Students [District] 2017-18,Grades 9-12 Students [District] 2017-18,Female Students [District] 2017-18,Male Students [District] 2017-18,Male Students [Public School] 2017-18,Female Students [Public School] 2017-18,American Indian/Alaska Native Students [District] 2017-18,Asian or Asian/Pacific Islander Students [District] 2017-18,Hispanic Students [District] 2017-18,Black Students [District] 2017-18,White Students [District] 2017-18,Hawaiian Nat./Pacific Isl. Students [District] 2017-18,Two or More Races Students [District] 2017-18,Total Race/Ethnicity [District] 2017-18,Asian or Asian/Pacific Islander Students [Public School] 2017-18,American Indian/Alaska Native Students [Public School] 2017-18,Hispanic Students [Public School] 2017-18,Black Students [Public School] 2017-18,White Students [Public School] 2017-18,Hawaiian Nat./Pacific Isl. Students [Public School] 2017-18,Two or More Races Students [Public School] 2017-18,Total Race/Ethnicity [Public School] 2017-18,State Name [District] 2017-18,Agency Name [District] 2017-18,Agency ID - NCES Assigned [District] Latest available year,Lowest Grade Offered [District] 2017-18,Highest Grade Offered [District] 2017-18,Agency Type [District] 2017-18,School District Level Code (SCHLEV) [District Finance] 2017-18,Full-Time Equivalent (FTE) Teachers [District] 2017-18,Full-Time Equivalent (FTE) Teachers [Public School] 2017-18,Pupil/Teacher Ratio [District] 2017-18,Pupil/Teacher Ratio [Public School] 2017-18,Total Staff [District] 2017-18,Instructional Aides [District] 2017-18,Instructional Coordinators [District] 2017-18,Elementary Guidance Counselors [District] 2017-18,Secondary Guidance Counselors [District] 2017-18,Other Guidance Counselors [District] 2017-18,Total Guidance Counselors [District] 2017-18,Librarians/Media Specialists [District] 2017-18,Library Media Support Staff [District] 2017-18,LEA Administrators [District] 2017-18,LEA Administrative Support Staff [District] 2017-18,School Administrators [District] 2017-18,School Administrative Support Staff [District] 2017-18,Student Support Services Staff [District] 2017-18,Other Support Services Staff [District] 2017-18,"Total Students, All Grades (Excludes AE) [District] 2017-18","Total Students, All Grades (Excludes AE) [Public School] 2017-18"
13001,Appling County,APPLING COUNTY,Georgia,242,526,1779,3289,0,3289,2131,1005,1763,1876,1876,1763,2,26,569,817,2098,1,126,3639,26,2,569,817,2098,1,126,3639,GEORGIA,Appling County,1300060,Prekindergarten,12th Grade,1-Regular local school district that is NOT a component of a supervisory union,03-Elementary/secondary school system,247.1,247.1,14.73,14.73,505.1,77.9,8.3,3.4,5.6,0,9,5,2,8.7,4.6,10,20.9,15.8,95.8,3639,3639
13003,Atkinson County,ATKINSON COUNTY,Georgia,208,192,523,1328,197,1525,996,488,836,863,863,836,1,0,662,270,737,0,29,1699,0,1,662,270,737,0,29,1699,GEORGIA,Atkinson County,1300090,Prekindergarten,12th Grade,1-Regular local school district that is NOT a component of a supervisory union,03-Elementary/secondary school system,113.3,113.1,15,15.02,229.4,31,1,2,2,0,4,2.5,2,5.1,3,7,5,6.5,49,1699,1699
13121,Fulton County,ATLANTA PUBLIC SCHOOLS,Georgia,1908,5623,17653,38992,588,39580,34048,12244,25749,26398,26398,25749,79,563,3772,38467,8085,41,1140,52147,563,79,3772,38467,8085,41,1140,52147,GEORGIA,Atlanta Public Schools,1300120,Prekindergarten,12th Grade,1-Regular local school district that is NOT a component of a supervisory union,03-Elementary/secondary school system,3921.2,3897.2,13.3,13.38,7871.2,777.9,433.7,58.5,80,0,138.5,80,5,143.2,197.1,271,234.1,255.2,1414.3,52147,52147
13005,Bacon County,BACON COUNTY,Georgia,87,342,772,1511,72,1583,1289,577,1036,1104,1104,1036,1,6,288,462,1294,0,89,2140,6,1,288,462,1294,0,89,2140,GEORGIA,Bacon County,1300150,Prekindergarten,12th Grade,1-Regular local school district that is NOT a component of a supervisory union,03-Elementary/secondary school system,144.1,144.1,14.85,14.85,287.5,42.6,4.5,2,2,0,4,3,1,6,3.8,8,12.1,10.6,47.8,2140,2140
13007,Baker County,BAKER COUNTY,Georgia,miss,55,156,284,0,284,165,78,141,145,145,141,1,0,30,183,58,0,14,286,0,1,30,183,58,0,14,286,GEORGIA,Baker County,1300180,Prekindergarten,12th Grade,1-Regular local school district that is NOT a component of a supervisory union,03-Elementary/secondary school system,24.1,24,11.87,11.92,68.1,12,0.5,0,1,0,1,1,1,3.7,3,1,1.3,1.7,17.8,286,286
13009,Baldwin County,BALDWIN COUNTY,Georgia,33,553,2184,3484,372,3856,3339,1180,2576,2643,2643,2576,3,68,122,3474,1334,5,213,5219,68,3,122,3474,1334,5,213,5219,GEORGIA,Baldwin County,1300210,Prekindergarten,12th Grade,1-Regular local school district that is NOT a component of a supervisory union,03-Elementary/secondary school system,332.9,307.9,15.68,16.95,688.1,86.7,6,4,7,0,11,6,6,9,4,17.5,31,16,162,5219,5219
13011,Banks County,BANKS COUNTY,Georgia,73,427,942,1485,196,1681,1692,885,1344,1448,1448,1344,2,19,239,52,2403,0,77,2792,19,2,239,52,2403,0,77,2792,GEORGIA,Banks County,1300240,Prekindergarten,12th Grade,1-Regular local school district that is NOT a component of a supervisory union,03-Elementary/secondary school system,202.1,202.1,13.81,13.81,426.6,48,0.3,2,3,0,5,4,6.5,8,5.6,8.8,14.9,14.4,109,2792,2792
13013,Barrow County,BARROW COUNTY,Georgia,1048,1936,3796,6701,1314,8015,8492,3823,6730,7072,7072,6730,31,656,2548,1774,8061,6,726,13802,656,31,2548,1774,8061,6,726,13802,GEORGIA,Barrow County,1300290,Prekindergarten,12th Grade,1-Regular local school district that is NOT a component of a supervisory union,03-Elementary/secondary school system,943.3,913.9,14.63,15.1,1652.5,194,15,10,13.5,0,23.5,15,14,13.1,13.5,50.8,68.6,40.4,261.3,13802,13802
13015,Bartow County,BARTOW COUNTY,Georgia,563,1633,3081,6288,1287,7575,8093,4057,6543,6993,6993,6543,27,113,1759,1268,9784,7,578,13536,113,27,1759,1268,9784,7,578,13536,GEORGIA,Bartow County,1300330,Prekindergarten,12th Grade,1-Regular local school district that is NOT a component of a supervisory union,03-Elementary/secondary school system,900.8,881.1,15.03,15.36,1737.8,158.5,19.3,12,16,0,28,19,0,8.3,11,47,72,67.4,406.5,13536,13536
13017,Ben Hill County,BEN HILL COUNTY,Georgia,91,420,1441,3127,0,3127,1941,829,1540,1635,1635,1540,5,21,385,1347,1333,0,84,3175,21,5,385,1347,1333,0,84,3175,GEORGIA,Ben Hill County,1300360,Prekindergarten,12th Grade,1-Regular local school district that is NOT a component of a supervisory union,03-Elementary/secondary school system,212,202.1,14.98,15.71,432.8,77,11,2,3,0,5,3.7,2,4.7,6,10,12,12.5,76.9,3175,3175
13019,Berrien County,BERRIEN COUNTY,Georgia,52,359,1349,2630,0,2630,1945,860,1543,1607,1607,1543,7,12,236,395,2382,0,118,3150,12,7,236,395,2382,0,118,3150,GEORGIA,Berrien County,1300390,Prekindergarten,12th Grade,1-Regular local school district that is NOT a component of a supervisory union,03-Elementary/secondary school system,205.7,203.9,15.31,15.45,431.1,69.1,5,2.5,3.5,0,6,4,3,10.5,5.4,9,13.8,18.3,81.3,3150,3150
13021,Bibb County,BIBB COUNTY,Georgia,460,2343,11476,23900,0,23900,14909,6373,11757,12353,12353,11757,25,431,1165,17480,4417,18,574,24110,431,25,1165,17480,4417,18,574,24110,GEORGIA,Bibb County,1300420,Prekindergarten,12th Grade,1-Regular local school district that is NOT a component of a supervisory union,03-Elementary/secondary school system,1616,1558,14.92,15.47,3530.4,385,93.7,22,28,0,50,35,32,42.5,84,96,120,147,829.2,24110,24110
13023,Bleckley County,BLECKLEY COUNTY,Georgia,4,377,795,1700,133,1833,1499,711,1264,1286,1286,1264,2,19,69,658,1723,1,78,2550,19,2,69,658,1723,1,78,2550,GEORGIA,Bleckley County,1300440,Prekindergarten,12th Grade,1-Regular local school district that is NOT a component of a supervisory union,03-Elementary/secondary school system,171.9,163.9,14.83,15.56,359.8,44.3,2.5,2,2.5,0,4.5,4,0,6.2,4.5,10.3,14.3,18.5,78.8,2550,2550
13025,Brantley County,BRANTLEY COUNTY,Georgia,17,391,1964,2834,0,2834,2029,971,1647,1785,1785,1647,4,12,90,108,3152,0,66,3432,12,4,90,108,3152,0,66,3432,GEORGIA,Brantley County,1300480,Prekindergarten,12th Grade,1-Regular local school district that is NOT a component of a supervisory union,03-Elementary/secondary school system,239,239.1,14.36,14.35,520,72.5,4.7,3.5,3.5,0,7,5.6,1,6.4,5,14.5,19,14,131.3,3432,3432
13143,Haralson County,BREMEN CITY,Georgia,3,205,249,180,71,251,1383,683,1178,1106,1106,1178,4,36,30,128,2025,3,58,2284,36,4,30,128,2025,3,58,2284,GEORGIA,Bremen City,1300510,Prekindergarten,12th Grade,1-Regular local school district that is NOT a component of a supervisory union,03-Elementary/secondary school system,138.5,138.5,16.49,16.49,253.9,43.7,0.8,1.5,1.5,0,3,3,0,5.1,2.5,8,10,6.8,32.5,2284,2284
13027,Brooks County,BROOKS COUNTY,Georgia,85,262,1065,2121,0,2121,1284,579,999,1148,1148,999,1,7,242,1135,699,1,62,2147,7,1,242,1135,699,1,62,2147,GEORGIA,Brooks County,1300540,Prekindergarten,12th Grade,1-Regular local school district that is NOT a component of a supervisory union,03-Elementary/secondary school system,141.8,141.8,15.14,15.14,316,28.3,6.6,2,3,0,5,3,0,9.2,6,11.2,10,11.1,83.8,2147,2147
13029,Bryan County,BRYAN COUNTY,Georgia,97,973,1108,2379,741,3120,5505,2732,4459,4710,4710,4459,16,259,644,1453,6290,28,479,9169,259,16,644,1453,6290,28,479,9169,GEORGIA,Bryan County,1300570,Prekindergarten,12th Grade,1-Regular local school district that is NOT a component of a supervisory union,03-Elementary/secondary school system,578,576.7,15.86,15.9,1100.6,104.4,18,7,14,0,21,10,9,11.5,8,30.5,45,30.8,234.4,9169,9169
13135,Gwinnett County,BUFORD CITY,Georgia,490,463,475,1523,249,1772,3006,1426,2345,2463,2463,2345,5,150,1416,520,2496,6,215,4808,150,5,1416,520,2496,6,215,4808,GEORGIA,Buford City,1300600,Prekindergarten,12th Grade,1-Regular local school district that is NOT a component of a supervisory union,03-Elementary/secondary school system,295.3,295.3,16.28,16.28,518.9,64.9,0.7,4,5,0,9,3.8,4.6,10.3,8,12,19,10.8,80.5,4808,4808
13031,Bulloch County,BULLOCH COUNTY,Georgia,241,1592,4450,5856,567,6423,6456,2849,5150,5459,5459,5150,20,159,697,3914,5400,18,401,10609,159,20,697,3914,5400,18,401,10609,GEORGIA,Bulloch County,1300630,Prekindergarten,12th Grade,1-Regular local school district that is NOT a component of a supervisory union,03-Elementary/secondary school system,671.9,665.9,15.79,15.93,1455,191.5,17.8,10,15.8,0,25.8,16,0,14.8,19,42.5,58.1,46.4,351.2,10609,10609
13033,Burke County,BURKE COUNTY,Georgia,36,478,2337,4206,0,4206,2447,1191,2046,2160,2160,2046,13,16,145,2732,1131,4,165,4206,16,13,145,2732,1131,4,165,4206,GEORGIA,Burke County,1300660,Prekindergarten,12th Grade,1-Regular local school district that is NOT a component of a supervisory union,03-Elementary/secondary school system,320.7,290.7,13.12,14.47,787.8,137.6,6,5,8,0,13,5,2,12.6,5,21,28.5,20,216.4,4206,4206
13035,Butts County,BUTTS COUNTY,Georgia,30,422,1146,3028,0,3028,2084,962,1715,1767,1767,1715,3,16,135,1129,2047,1,151,3482,16,3,135,1129,2047,1,151,3482,GEORGIA,Butts County,1300690,Prekindergarten,12th Grade,1-Regular local school district that is NOT a component of a supervisory union,03-Elementary/secondary school system,218.6,217.5,15.93,16.01,465.7,56,5.4,3,3.6,0,6.6,5,0,8.8,7,15.2,20,19.3,103.8,3482,3482
13129,Gordon County,CALHOUN CITY,Georgia,484,329,564,1989,243,2232,2496,1105,1928,2114,2114,1928,10,82,1446,250,2109,8,137,4042,82,10,1446,250,2109,8,137,4042,GEORGIA,Calhoun City,1300720,Prekindergarten,12th Grade,1-Regular local school district that is NOT a component of a supervisory union,03-Elementary/secondary school system,225.7,215.1,17.91,18.79,409.5,62.7,5,4,2,0,6,1,3,7.4,6,8,14,17.6,53.1,4042,4042
13037,Calhoun County,CALHOUN COUNTY,Georgia,12,50,348,600,0,600,339,198,290,319,319,290,0,0,23,566,16,0,4,609,0,0,23,566,16,0,4,609,GEORGIA,Calhoun County,1300750,Prekindergarten,12th Grade,1-Regular local school district that is NOT a component of a supervisory union,03-Elementary/secondary school system,38.8,38.9,15.7,15.66,103.2,9.8,3.7,1,1,0,2,2,1,3.8,1.9,4.8,5,6.8,23.6,609,609
13039,Camden County,CAMDEN COUNTY,Georgia,56,1204,2707,3818,784,4602,5694,2535,4509,4743,4743,4509,24,121,732,2062,5577,13,723,9252,121,24,732,2062,5577,13,723,9252,GEORGIA,Camden County,1300780,Prekindergarten,12th Grade,1-Regular local school district that is NOT a component of a supervisory union,03-Elementary/secondary school system,563.4,563.4,16.42,16.42,1164.5,135,4,9,11,0,20,15,11,11.6,8,35,48,35,278.5,9252,9252
13043,Candler County,CANDLER COUNTY,Georgia,63,289,933,1976,0,1976,1325,570,1051,1144,1144,1051,1,14,436,650,1022,5,67,2195,14,1,436,650,1022,5,67,2195,GEORGIA,Candler County,1300810,Prekindergarten,12th Grade,1-Regular local school district that is NOT a component of a supervisory union,03-Elementary/secondary school system,127.7,127.8,17.19,17.18,290.4,51.6,3,1,2.1,0,3.1,2,3,6.4,2.7,9.1,12.1,9.8,59.9,2195,2195
13045,Carroll County,CARROLL COUNTY,Georgia,348,2100,3618,7465,1438,8903,8929,4296,7143,7734,7734,7143,27,66,1329,2539,9943,4,969,14877,66,27,1329,2539,9943,4,969,14877,GEORGIA,Carroll County,1300840,Prekindergarten,12th Grade,1-Regular local school district that is NOT a component of a supervisory union,03-Elementary/secondary school system,955.2,918.3,15.57,16.2,1834,243.8,12.5,13,23.6,0,36.6,22.7,2,15,13,56,76,74.5,326.7,14877,14877
13045,Carroll County,CARROLLTON CITY,Georgia,296,560,1717,2783,269,3052,2990,1610,2519,2600,2600,2519,5,70,1081,1667,2037,1,258,5119,70,5,1081,1667,2037,1,258,5119,GEORGIA,Carrollton City,1300870,Prekindergarten,12th Grade,1-Regular local school district that is NOT a component of a supervisory union,03-Elementary/secondary school system,308.7,308.8,16.58,16.58,585.6,71,0,4.2,5.2,0,9.4,4.1,2,10,6,20.1,25.5,17.7,111.1,5119,5119
13015,Bartow County,CARTERSVILLE CITY,Georgia,385,445,797,2041,310,2351,2701,1360,2202,2326,2326,2202,5,85,902,1007,2305,6,218,4528,85,5,902,1007,2305,6,218,4528,GEORGIA,Cartersville City,1300900,Prekindergarten,12th Grade,1-Regular local school district that is NOT a component of a supervisory union,03-Elementary/secondary school system,263.2,263.3,17.2,17.2,470.4,42.5,6.4,4,5,0,9,1,4,8,7.5,10.8,17,23.5,77.5,4528,4528
13047,Catoosa County,CATOOSA COUNTY,Georgia,114,1872,2262,4276,973,5249,6366,3380,5097,5693,5693,5097,16,186,441,347,9416,28,356,10790,186,16,441,347,9416,28,356,10790,GEORGIA,Catoosa County,1300930,Prekindergarten,12th Grade,1-Regular local school district that is NOT a component of a supervisory union,03-Elementary/secondary school system,765,757.1,14.1,14.25,1718.9,266.3,5.7,11,15.5,0,26.5,17.5,0,11.1,20,49.5,77.5,72.7,407.1,10790,10790
13189,McDuffie County,CENTRAL SAVANNAH RIVER RESA,Georgia,NA,NA,NA,NA,NA,NA,NA,NA,NA,NA,NA,NA,NA,NA,NA,NA,NA,NA,NA,0,NA,NA,NA,NA,NA,NA,NA,NA,GEORGIA,Central Savannah River RESA,1300015,NA,NA,4-Regional Education Service Agency (RESA),07-Educational service agency,0,NA,NA,NA,25.1,0,6.4,0,0,0,0,0,0,4.5,3,0,2,5.7,3.5,NA,NA
13049,Charlton County,CHARLTON COUNTY,Georgia,4,193,525,1074,154,1228,1048,444,821,905,905,821,7,12,44,504,1057,0,102,1726,12,7,44,504,1057,0,102,1726,GEORGIA,Charlton County,1300990,Prekindergarten,12th Grade,1-Regular local school district that is NOT a component of a supervisory union,03-Elementary/secondary school system,108.1,108.2,15.97,15.95,215.8,21,2.2,1.4,1.6,0,3,3.2,3,6.3,3,6,10,5,45,1726,1726
13053,Chattahoochee County,CHATTAHOOCHEE COUNTY,Georgia,12,128,209,530,80,610,364,422,382,463,463,382,2,4,86,231,463,7,52,845,4,2,86,231,463,7,52,845,GEORGIA,Chattahoochee County,1301050,Prekindergarten,12th Grade,1-Regular local school district that is NOT a component of a supervisory union,03-Elementary/secondary school system,55.5,55.5,15.23,15.23,154,24.5,1.5,1,1,0,2,1,0,5,2,5,7,6,44.5,845,845
13249,Schley County,CHATTAHOOCHEE-FLINT RESA,Georgia,NA,NA,NA,NA,NA,NA,NA,NA,NA,NA,NA,NA,NA,NA,NA,NA,NA,NA,NA,0,NA,NA,NA,NA,NA,NA,NA,NA,GEORGIA,Chattahoochee-Flint RESA,1300016,NA,NA,4-Regional Education Service Agency (RESA),07-Educational service agency,0,NA,NA,NA,41.9,11.6,15,0,0,0,0,0,0,1.5,1,0,4,6.8,2,NA,NA
13055,Chattooga County,CHATTOOGA COUNTY,Georgia,41,520,1126,1961,261,2222,1678,806,1357,1451,1451,1357,2,5,178,248,2216,1,158,2808,5,2,178,248,2216,1,158,2808,GEORGIA,Chattooga County,1301080,Prekindergarten,12th Grade,1-Regular local school district that is NOT a component of a supervisory union,03-Elementary/secondary school system,186.7,183.7,15.04,15.29,331.9,0,9,2,2,0,4,5,0,8,4,11.5,19.5,16,68.2,2808,2808
13057,Cherokee County,CHEROKEE COUNTY,Georgia,2691,5187,5410,10885,1712,12597,25525,13357,20426,21883,21883,20426,65,797,7721,3184,28891,33,1618,42309,797,65,7721,3184,28891,33,1618,42309,GEORGIA,Cherokee County,1301110,Prekindergarten,12th Grade,1-Regular local school district that is NOT a component of a supervisory union,03-Elementary/secondary school system,2704.1,2616.3,15.65,16.17,4801.5,349,89,39,49,0,88,41,3,41.4,64,126,180,231,885,42309,42309
13295,Walker County,CHICKAMAUGA CITY,Georgia,5,95,95,236,69,305,769,436,646,660,660,646,0,8,27,2,1247,0,22,1306,8,0,27,2,1247,0,22,1306,GEORGIA,Chickamauga City,1301140,Prekindergarten,12th Grade,1-Regular local school district that is NOT a component of a supervisory union,03-Elementary/secondary school system,79.9,79.9,16.35,16.35,154.5,11,0,1,2,0,3,2,2,4.2,2.5,4.9,8.5,8,28.5,1306,1306
13089,DeKalb County,CITY SCHOOLS OF DECATUR,Georgia,83,448,495,640,90,730,3542,1339,2713,2801,2801,2713,11,176,240,1160,3529,6,392,5514,176,11,240,1160,3529,6,392,5514,GEORGIA,City Schools of Decatur,1301680,Prekindergarten,12th Grade,1-Regular local school district that is NOT a component of a supervisory union,03-Elementary/secondary school system,387.4,374.6,14.23,14.72,737.2,100.9,7.5,6,5,0,11,7.5,8,22.4,12,16.4,17,21.9,125.2,5514,5514
13059,Clarke County,CLARKE COUNTY,Georgia,1385,1858,5472,12519,0,12519,8302,3247,6566,7034,7034,6566,13,241,3334,6698,2755,17,542,13600,241,13,3334,6698,2755,17,542,13600,GEORGIA,Clarke County,1301170,Prekindergarten,12th Grade,1-Regular local school district that is NOT a component of a supervisory union,03-Elementary/secondary school system,1140.5,1085.5,11.92,12.53,2220.8,222.6,14.8,15,15.5,0,30.5,22,1,21,32,59,62,95.4,520,13600,13600
13061,Clay County,CLAY COUNTY,Georgia,3,33,140,232,0,232,190,NA,113,127,127,113,2,0,1,229,4,0,4,240,0,2,1,229,4,0,4,240,GEORGIA,Clay County,1301200,Prekindergarten,8th Grade,1-Regular local school district that is NOT a component of a supervisory union,01-Elementary school system only,21.5,21.5,11.16,11.16,59.2,7,1.3,1,0,0,1,0.6,0,1.8,3,3,3,2.5,14.5,240,240
13063,Clayton County,CLAYTON COUNTY,Georgia,5255,6018,26288,54245,0,54245,34664,15055,26960,27570,27570,26960,110,2094,11857,37852,1181,44,1392,54530,2094,110,11857,37852,1181,44,1392,54530,GEORGIA,Clayton County,1301230,Prekindergarten,12th Grade,1-Regular local school district that is NOT a component of a supervisory union,03-Elementary/secondary school system,3421,3361,15.94,16.22,6984.5,677.5,143,39.5,61.5,0,101,62,12,70,92.5,172,224,357,1652.5,54530,54530
13065,Clinch County,CLINCH COUNTY,Georgia,9,167,538,1162,35,1197,817,391,661,744,744,661,7,5,62,486,769,0,76,1405,5,7,62,486,769,0,76,1405,GEORGIA,Clinch County,1301260,Prekindergarten,12th Grade,1-Regular local school district that is NOT a component of a supervisory union,03-Elementary/secondary school system,87.2,82.4,16.11,17.05,187.3,30.3,1.5,0.5,1.5,0,2,1.5,1,4.5,2.3,5.5,10.8,7.9,32.8,1405,1405
13075,Cook County,COASTAL PLAINS RESA,Georgia,NA,NA,NA,NA,NA,NA,NA,NA,NA,NA,NA,NA,NA,NA,NA,NA,NA,NA,NA,0,NA,NA,NA,NA,NA,NA,NA,NA,GEORGIA,Coastal Plains RESA,1300020,NA,NA,4-Regional Education Service Agency (RESA),07-Educational service agency,0,NA,NA,NA,17.5,0,0,0,0,0,0,0,0,2.5,5,0,0,0,10,NA,NA
13067,Cobb County,COBB COUNTY,Georgia,10307,14931,14892,40478,7034,47512,67816,35497,54893,57191,57191,54893,222,6266,24316,34768,42232,78,4202,112084,6266,222,24316,34768,42232,78,4202,112084,GEORGIA,Cobb County,1301290,Prekindergarten,12th Grade,1-Regular local school district that is NOT a component of a supervisory union,03-Elementary/secondary school system,7270.3,7207.4,15.42,15.55,13596.8,1297.8,288.4,125,141.5,0,266.5,119,86.8,75,229.6,366.5,518,556.7,2522.2,112084,112084
13069,Coffee County,COFFEE COUNTY,Georgia,477,729,3517,6564,0,6564,4625,2047,3803,3910,3910,3803,17,58,1490,2362,3578,0,208,7713,58,17,1490,2362,3578,0,208,7713,GEORGIA,Coffee County,1301350,Prekindergarten,12th Grade,1-Regular local school district that is NOT a component of a supervisory union,03-Elementary/secondary school system,492.7,486.7,15.65,15.85,1018.9,129.7,12.9,8,7,0,15,10.8,8,11.9,10,34,47.5,46.4,200,7713,7713
13071,Colquitt County,COLQUITT COUNTY,Georgia,1375,1110,4225,9162,0,9162,5852,2489,4578,5064,5064,4578,8,104,2814,2522,3943,4,247,9642,104,8,2814,2522,3943,4,247,9642,GEORGIA,Colquitt County,1301380,Prekindergarten,12th Grade,1-Regular local school district that is NOT a component of a supervisory union,03-Elementary/secondary school system,660.7,660.8,14.59,14.59,1381.3,239.4,16.5,9,10.2,0,19.2,13,6.5,15.5,8.6,36,58.6,50.7,256.6,9642,9642
13073,Columbia County,COLUMBIA COUNTY,Georgia,501,2393,3314,7010,1916,8926,16584,8214,13320,13797,13797,13320,62,1071,2757,5495,15916,74,1742,27117,1071,62,2757,5495,15916,74,1742,27117,GEORGIA,Columbia County,1301410,Prekindergarten,12th Grade,1-Regular local school district that is NOT a component of a supervisory union,03-Elementary/secondary school system,1636.3,1628.2,16.57,16.65,3293.6,402,43.9,22,35.6,0,57.6,30.1,33,18,32,80,128.5,98.9,733.3,27117,27117
13157,Jackson County,COMMERCE CITY,Georgia,94,194,155,813,112,925,966,479,791,849,849,791,1,16,208,170,1143,0,102,1640,16,1,208,170,1143,0,102,1640,GEORGIA,Commerce City,1301440,Prekindergarten,12th Grade,1-Regular local school district that is NOT a component of a supervisory union,03-Elementary/secondary school system,115,115.1,14.26,14.25,206.7,24.7,1,1,2,0,3,3,2,5.2,1.8,6.3,8,6.3,30.4,1640,1640
13121,Fulton County,COMMISSION CHARTER SCHOOLS- ATLANTA HEIGHTS CHARTER SCHOOL,Georgia,12,64,3,645,46,691,657,NA,381,368,368,381,3,0,18,724,1,1,2,749,0,3,18,724,1,1,2,749,GEORGIA,Commission Charter Schools- Atlanta Heights Charter School,1300221,Kindergarten,8th Grade,7-Independent Charter District,01-Elementary school system only,34,34,22.03,22.03,57.5,12.4,3.6,0,0,0,0,1,0,0.1,0,0.9,2,1,2.5,749,749
13135,Gwinnett County,COMMISSION CHARTER SCHOOLS- BROOKHAVEN INNOVATION ACADEMY,GEORGIA,49,45,3,49,0,49,421,NA,214,266,266,214,0,21,86,114,220,0,39,480,21,0,86,114,220,0,39,480,GEORGIA,Commission Charter Schools- Brookhaven Innovation Academy,1300242,Kindergarten,7th Grade,7-Independent Charter District,01-Elementary school system only,31,31,15.48,15.48,45,4,0,0,0,0,0,0,0,2.5,1,1.5,1,3,1,480,480
13031,Bulloch County,COMMISSION CHARTER SCHOOLS- CCAT SCHOOL,Georgia,26,25,3,52,41,93,80,80,74,86,86,74,0,2,6,35,114,0,3,160,2,0,6,35,114,0,3,160,GEORGIA,Commission Charter Schools- CCAT School,1300005,6th Grade,12th Grade,7-Independent Charter District,03-Elementary/secondary school system,15.5,15.5,10.32,10.32,25.5,1,0,0,0,0,0,0,0,1,0,1.5,2,0,4.5,160,160
13021,Bibb County,COMMISSION CHARTER SCHOOLS- CIRRUS CHARTER ACADEMY,GEORGIA,miss,21,294,438,0,438,389,NA,231,207,207,231,0,0,3,414,15,1,5,438,0,0,3,414,15,1,5,438,GEORGIA,Commission Charter Schools- Cirrus Charter Academy,1300239,Kindergarten,8th Grade,7-Independent Charter District,01-Elementary school system only,28,28,15.64,15.64,41.1,3,2,0.5,0.5,0,1,0,0,1.3,0.8,0.5,2,0.5,2,438,438
13077,Coweta County,COMMISSION CHARTER SCHOOLS- COWETA CHARTER ACADEMY,Georgia,3,70,26,101,30,131,621,NA,368,356,356,368,4,9,18,105,541,7,40,724,9,4,18,105,541,7,40,724,GEORGIA,Commission Charter Schools- Coweta Charter Academy,1300222,Kindergarten,8th Grade,7-Independent Charter District,01-Elementary school system only,49,49,14.78,14.78,77,10,2,0,0,0,0,0,0,1.5,1,1.5,2,1,9,724,724
13121,Fulton County,COMMISSION CHARTER SCHOOLS- FULTON LEADERSHIP ACADEMY,Georgia,miss,50,91,173,42,215,247,107,0,354,354,0,1,1,7,345,0,0,0,354,1,1,7,345,0,0,0,354,GEORGIA,Commission Charter Schools- Fulton Leadership Academy,1300217,6th Grade,12th Grade,7-Independent Charter District,03-Elementary/secondary school system,29.9,29.9,11.84,11.84,48,2.1,0,0,0.5,0,0.5,0,0,3.6,3,0.9,2.8,1.2,4,354,354
13135,Gwinnett County,COMMISSION CHARTER SCHOOLS- IVY PREPARATORY ACADEMY SCHOOL,Georgia,3,10,14,40,7,47,106,NA,106,0,0,106,1,3,21,79,1,0,1,106,3,1,21,79,1,0,1,106,GEORGIA,Commission Charter Schools- Ivy Preparatory Academy School,1300215,6th Grade,8th Grade,7-Independent Charter District,01-Elementary school system only,11,11,9.64,9.64,28.9,0,2,0,1,0,1,0,0,3.5,1.5,1,1.5,2.4,5,106,106
13113,Fayette County,COMMISSION CHARTER SCHOOLS- LIBERTY TECH CHARTER ACADEMY,GEORGIA,miss,34,3,58,10,68,376,NA,223,192,192,223,0,6,27,111,258,1,12,415,6,0,27,111,258,1,12,415,GEORGIA,Commission Charter Schools- Liberty Tech Charter Academy,1300241,Kindergarten,8th Grade,7-Independent Charter District,01-Elementary school system only,30.2,30.2,13.74,13.74,44.1,4,0.8,0.5,0.5,0,1,0,0,1.4,0,1.6,2.3,0.3,2.5,415,415
13037,Calhoun County,COMMISSION CHARTER SCHOOLS- PATAULA CHARTER ACADEMY,Georgia,4,50,3,306,51,357,350,161,271,284,284,271,0,11,28,117,386,0,13,555,11,0,28,117,386,0,13,555,GEORGIA,Commission Charter Schools- Pataula Charter Academy,1300218,Kindergarten,12th Grade,7-Independent Charter District,03-Elementary/secondary school system,34.6,34.6,16.04,16.04,72.1,11,2.5,0,0,0,0,1,0,4,0,1,3,0,15,555,555
13243,Randolph County,COMMISSION CHARTER SCHOOLS- SOUTHWEST GEORGIA S.T.E.M. CHART,GEORGIA,3,23,84,111,24,135,161,NA,112,91,91,112,0,0,17,29,154,0,3,203,0,0,17,29,154,0,3,203,GEORGIA,Commission Charter Schools- Southwest Georgia S.T.E.M. Chart,1300243,Prekindergarten,7th Grade,7-Independent Charter District,01-Elementary school system only,13.8,13.8,14.71,14.71,27.1,3.6,1,0.1,0.1,0,0.2,0,0,1.2,0,1.2,1,0,5.1,203,203
13075,Cook County,COOK COUNTY,Georgia,123,413,1311,2525,56,2581,1928,909,1563,1646,1646,1563,4,41,321,1063,1672,3,105,3209,41,4,321,1063,1672,3,105,3209,GEORGIA,Cook County,1301470,Prekindergarten,12th Grade,1-Regular local school district that is NOT a component of a supervisory union,03-Elementary/secondary school system,217.5,217.5,14.75,14.75,464.4,52.9,1.2,2,2.9,0,4.9,4,2,8.7,4.2,9,20.7,23.5,115.8,3209,3209
13077,Coweta County,COWETA COUNTY,Georgia,505,2383,4867,7824,1492,9316,13402,7241,11165,11645,11645,11165,89,483,2253,5152,13836,10,987,22810,483,89,2253,5152,13836,10,987,22810,GEORGIA,Coweta County,1301500,Prekindergarten,12th Grade,1-Regular local school district that is NOT a component of a supervisory union,03-Elementary/secondary school system,1463.7,1422.8,15.58,16.03,2971.7,326.8,27,21,29.6,0,50.6,32,0,14.5,27,84.5,133,81.6,731,22810,22810
13079,Crawford County,CRAWFORD COUNTY,Georgia,21,257,708,1604,0,1604,1045,470,832,873,873,832,12,8,44,367,1204,0,70,1705,8,12,44,367,1204,0,70,1705,GEORGIA,Crawford County,1301530,Prekindergarten,12th Grade,1-Regular local school district that is NOT a component of a supervisory union,03-Elementary/secondary school system,108.9,103.9,15.66,16.41,252.2,25.9,4.8,1,2,0,3,3,1,4.3,3.5,6,7.5,10,74.3,1705,1705
13081,Crisp County,CRISP COUNTY,Georgia,78,509,2182,3975,0,3975,2440,1107,2024,2058,2058,2024,8,64,206,2348,1346,0,110,4082,64,8,206,2348,1346,0,110,4082,GEORGIA,Crisp County,1301560,Prekindergarten,12th Grade,1-Regular local school district that is NOT a component of a supervisory union,03-Elementary/secondary school system,263.5,257.4,15.49,15.86,607.5,88.6,8.8,3,3,0,6,4,9,9.6,6,14.5,26,23,148.5,4082,4082
13083,Dade County,DADE COUNTY,Georgia,9,375,556,976,241,1217,1266,572,1059,1086,1086,1059,7,21,46,15,2014,0,42,2145,21,7,46,15,2014,0,42,2145,GEORGIA,Dade County,1301590,Prekindergarten,12th Grade,1-Regular local school district that is NOT a component of a supervisory union,03-Elementary/secondary school system,150,149.9,14.3,14.31,307.6,39.5,3.7,2.5,3,0,5.5,4,0,6,3,8.8,11,12.8,63.3,2145,2145
13313,Whitfield County,DALTON PUBLIC SCHOOLS,Georgia,1389,727,2286,4950,787,5737,4698,2268,3909,3990,3990,3909,27,161,5532,363,1614,1,201,7899,161,27,5532,363,1614,1,201,7899,GEORGIA,Dalton Public Schools,1301620,Prekindergarten,12th Grade,1-Regular local school district that is NOT a component of a supervisory union,03-Elementary/secondary school system,556.8,556.9,14.19,14.18,990.2,121.9,14.4,6,9,0,15,12,5,14,10,26,32.5,44.3,138.3,7899,7899
13085,Dawson County,DAWSON COUNTY,Georgia,100,545,445,1193,334,1527,2112,1047,1692,1824,1824,1692,11,22,329,21,3075,0,58,3516,22,11,329,21,3075,0,58,3516,GEORGIA,Dawson County,1301650,Prekindergarten,12th Grade,1-Regular local school district that is NOT a component of a supervisory union,03-Elementary/secondary school system,238.1,235.1,14.77,14.96,522.5,54.6,1.8,4,5,0,9,7,6,11.1,8,22.9,20.5,21,122.5,3516,3516
13087,Decatur County,DECATUR COUNTY,Georgia,189,547,2586,4890,0,4890,2990,1539,2533,2651,2651,2533,2,22,554,2597,1872,3,134,5184,22,2,554,2597,1872,3,134,5184,GEORGIA,Decatur County,1301710,Prekindergarten,12th Grade,1-Regular local school district that is NOT a component of a supervisory union,03-Elementary/secondary school system,322.5,322.5,16.07,16.07,754.4,105,3,6,8,0,14,6.8,9,7.5,7.4,24.4,31,20,203.8,5184,5184
13089,DeKalb County,DEKALB COUNTY,Georgia,14162,10251,37604,69179,3134,72313,61737,27757,48732,51412,51412,48732,309,6688,17917,61861,11252,112,2005,100144,6688,309,17917,61861,11252,112,2005,100144,GEORGIA,DeKalb County,1301740,Prekindergarten,12th Grade,1-Regular local school district that is NOT a component of a supervisory union,03-Elementary/secondary school system,7090,7000.8,14.12,14.3,13993.6,1492.4,257,129.5,145.7,0,275.2,127.4,26.4,89.4,150.1,404.8,496.4,520.9,3063.6,100144,100144
13121,Fulton County,DEPARTMENT OF CORRECTIONS,Georgia,NA,NA,miss,miss,miss,miss,NA,NA,NA,NA,NA,NA,NA,NA,NA,NA,NA,NA,NA,0,NA,NA,NA,NA,NA,NA,NA,0,GEORGIA,Department of Corrections,1300025,NA,NA,5-State agency providing elementary and/or secondary level instruction,NA,NA,miss,NA,NA,miss,miss,miss,NA,NA,NA,NA,miss,miss,miss,miss,miss,miss,miss,miss,NA,NA
13121,Fulton County,DEPARTMENT OF HUMAN RESOURCES,Georgia,NA,NA,miss,miss,miss,miss,NA,NA,NA,NA,NA,NA,NA,NA,NA,NA,NA,NA,NA,0,NA,NA,NA,NA,NA,NA,NA,0,GEORGIA,Department of Human Resources,1300027,NA,NA,5-State agency providing elementary and/or secondary level instruction,NA,NA,miss,NA,NA,miss,miss,miss,NA,NA,NA,NA,miss,miss,miss,miss,miss,miss,miss,miss,NA,NA
13089,DeKalb County,DEPARTMENT OF JUVENILE JUSTICE,Georgia,miss,266,45,miss,miss,45,68,436,49,455,455,49,1,4,26,389,77,4,3,504,4,1,26,389,77,4,3,504,GEORGIA,Department of Juvenile Justice,1300026,6th Grade,12th Grade,5-State agency providing elementary and/or secondary level instruction,03-Elementary/secondary school system,53.7,NA,9.39,9.39,121,5,3,0,8,0,8,0,0,15,5,7.3,1,2,21,504,504
13121,Fulton County,DEPARTMENT OF LABOR,Georgia,NA,NA,NA,NA,NA,NA,NA,NA,NA,NA,NA,NA,NA,NA,NA,NA,NA,NA,NA,0,NA,NA,NA,NA,NA,NA,NA,NA,GEORGIA,Department of Labor,1300028,NA,NA,5-State agency providing elementary and/or secondary level instruction,NA,NA,NA,NA,NA,miss,miss,miss,NA,NA,NA,NA,miss,miss,miss,miss,miss,miss,miss,miss,NA,NA
13091,Dodge County,DODGE COUNTY,Georgia,46,440,735,2555,83,2638,1908,900,1549,1622,1622,1549,5,9,129,1123,1794,2,109,3171,9,5,129,1123,1794,2,109,3171,GEORGIA,Dodge County,1301770,Prekindergarten,12th Grade,1-Regular local school district that is NOT a component of a supervisory union,03-Elementary/secondary school system,211.9,206,14.96,15.39,434.8,62,3,2,4,0,6,5,2,8,5,10.7,14,11.2,96,3171,3171
13093,Dooly County,DOOLY COUNTY,Georgia,103,122,769,777,0,777,753,344,637,637,637,637,3,7,219,903,113,0,29,1274,7,3,219,903,113,0,29,1274,GEORGIA,Dooly County,1301800,Prekindergarten,12th Grade,1-Regular local school district that is NOT a component of a supervisory union,03-Elementary/secondary school system,79.2,NA,16.09,16.09,208.8,21.3,5.7,1.4,1.6,0,3,2,2,7.3,3,6.3,12.8,7,59.2,1274,1274
13095,Dougherty County,DOUGHERTY COUNTY,Georgia,216,1464,7082,3633,0,3633,9238,3811,7152,7397,7397,7152,55,63,378,12983,847,17,206,14549,63,55,378,12983,847,17,206,14549,GEORGIA,Dougherty County,1301830,Prekindergarten,12th Grade,1-Regular local school district that is NOT a component of a supervisory union,03-Elementary/secondary school system,950.2,870.4,15.31,16.72,2150,309,56.1,18.5,16.5,0,35,21,9,26,35,59.2,78,100,471.5,14549,14549
13097,Douglas County,DOUGLAS COUNTY,Georgia,1496,3397,7420,14617,1954,16571,15984,8518,12817,13624,13624,12817,36,332,4225,14121,6487,56,1184,26441,332,36,4225,14121,6487,56,1184,26441,GEORGIA,Douglas County,1301860,Prekindergarten,12th Grade,1-Regular local school district that is NOT a component of a supervisory union,03-Elementary/secondary school system,1669.8,1646.2,15.83,16.06,3414.9,358.5,60.8,22.5,36.5,0,59,38.9,33,23.2,27.3,97,152.2,188.3,706.9,26441,26441
13175,Laurens County,DUBLIN CITY,Georgia,24,264,1144,2381,0,2381,1362,651,1206,1175,1175,1206,0,23,44,2167,95,1,51,2381,23,0,44,2167,95,1,51,2381,GEORGIA,Dublin City,1301870,Prekindergarten,12th Grade,1-Regular local school district that is NOT a component of a supervisory union,03-Elementary/secondary school system,149.3,149.3,15.95,15.95,311.5,38.5,6,1,3,0,4,4,0,10.5,4,8.5,8,20.8,57.9,2381,2381
13099,Early County,EARLY COUNTY,Georgia,7,252,1101,1990,0,1990,1205,633,1006,1046,1046,1006,2,16,54,1437,502,0,41,2052,16,2,54,1437,502,0,41,2052,GEORGIA,Early County,1301920,Prekindergarten,12th Grade,1-Regular local school district that is NOT a component of a supervisory union,03-Elementary/secondary school system,172.8,169.7,11.88,12.09,310.2,20,5.6,2,3.6,0,5.6,3,4,7.6,2,10.1,12,6,61.5,2052,2052
13101,Echols County,ECHOLS COUNTY,Georgia,138,62,437,768,0,768,500,222,406,434,434,406,11,1,386,19,412,0,11,840,1,11,386,19,412,0,11,840,GEORGIA,Echols County,1301950,Prekindergarten,12th Grade,1-Regular local school district that is NOT a component of a supervisory union,03-Elementary/secondary school system,58.8,58.9,14.29,14.26,129.1,20.5,1,1,1,0,2,1,1,2.2,3,2.7,5.6,5,26.3,840,840
13103,Effingham County,EFFINGHAM COUNTY,Georgia,173,1923,2009,3956,935,4891,7375,3471,5964,6417,6417,5964,18,111,899,1902,8879,1,571,12381,111,18,899,1902,8879,1,571,12381,GEORGIA,Effingham County,1301980,Prekindergarten,12th Grade,1-Regular local school district that is NOT a component of a supervisory union,03-Elementary/secondary school system,813.6,787.2,15.22,15.73,1645.5,237.5,24.5,8,15,0,23,15,13,13.6,8.5,41.5,81.5,63.4,310.4,12381,12381
13105,Elbert County,ELBERT COUNTY,Georgia,90,347,1101,2482,64,2546,1810,811,1534,1522,1522,1534,4,23,294,1071,1546,0,118,3056,23,4,294,1071,1546,0,118,3056,GEORGIA,Elbert County,1302010,Prekindergarten,12th Grade,1-Regular local school district that is NOT a component of a supervisory union,03-Elementary/secondary school system,195.1,195.1,15.66,15.66,439.1,76.5,5.5,1,3,0,4,4,3,7.8,3,12.2,21,13.5,93.5,3056,3056
13107,Emanuel County,EMANUEL COUNTY,Georgia,99,567,1928,3839,0,3839,2653,1088,2121,2211,2211,2121,4,30,332,1801,2036,1,128,4332,30,4,332,1801,2036,1,128,4332,GEORGIA,Emanuel County,1302040,Prekindergarten,12th Grade,1-Regular local school district that is NOT a component of a supervisory union,03-Elementary/secondary school system,289.7,287.7,14.95,15.06,622.1,94.4,8.2,4,4,0,8,6.8,5.9,9,5,14,25.1,17.6,138.4,4332,4332
13109,Evans County,EVANS COUNTY,Georgia,211,208,976,1922,0,1922,1167,469,921,1001,1001,921,0,16,488,658,713,0,47,1922,16,0,488,658,713,0,47,1922,GEORGIA,Evans County,1302070,Prekindergarten,12th Grade,1-Regular local school district that is NOT a component of a supervisory union,03-Elementary/secondary school system,114.9,115,16.73,16.71,269.1,29.7,8.2,2,2,0,4,3,0,7.4,2.5,9.8,9.5,10.3,69.8,1922,1922
13111,Fannin County,FANNIN COUNTY,Georgia,42,394,883,1484,300,1784,1798,919,1444,1509,1509,1444,5,14,146,11,2724,3,50,2953,14,5,146,11,2724,3,50,2953,GEORGIA,Fannin County,1302100,Prekindergarten,12th Grade,1-Regular local school district that is NOT a component of a supervisory union,03-Elementary/secondary school system,211.2,211.3,13.98,13.98,475.1,56,7.2,3,3.2,0,6.2,5,3.4,11.1,2,14.8,19.2,27,112,2953,2953
13113,Fayette County,FAYETTE COUNTY,Georgia,755,1995,2765,4188,955,5143,11500,7106,9919,10207,10207,9919,60,1343,2351,5548,9704,25,1095,20126,1343,60,2351,5548,9704,25,1095,20126,GEORGIA,Fayette County,1302130,Prekindergarten,12th Grade,1-Regular local school district that is NOT a component of a supervisory union,03-Elementary/secondary school system,1394.4,1367,14.43,14.72,2646,304,24.5,16.5,33.5,0,50,24,13,14,26,70,118.6,88.4,519.1,20126,20126
13031,Bulloch County,FIRST DISTRICT RESA,Georgia,NA,NA,NA,NA,NA,NA,NA,NA,NA,NA,NA,NA,NA,NA,NA,NA,NA,NA,NA,0,NA,NA,NA,NA,NA,NA,NA,NA,GEORGIA,First District RESA,1300018,NA,NA,4-Regional Education Service Agency (RESA),07-Educational service agency,24.9,NA,NA,NA,120,32.1,15.4,0,0,0,0,0,0,12.5,11,0,4,7,13.1,NA,NA
13115,Floyd County,FLOYD COUNTY,Georgia,323,1415,3443,6688,0,6688,5776,2853,4702,5095,5095,4702,6,60,984,675,7693,2,377,9797,60,6,984,675,7693,2,377,9797,GEORGIA,Floyd County,1302190,Prekindergarten,12th Grade,1-Regular local school district that is NOT a component of a supervisory union,03-Elementary/secondary school system,684.9,647.1,14.3,15.14,1333.6,164.4,21.9,9,9.6,0,18.6,8,8.8,13,8.4,43,34,57.1,271.5,9797,9797
13117,Forsyth County,FORSYTH COUNTY,Georgia,2878,6079,3407,6506,1059,7568,29761,14263,23157,24575,24575,23157,207,9387,6398,1807,28460,28,1445,47732,9387,207,6398,1807,28460,28,1445,47732,GEORGIA,Forsyth County,1302220,Prekindergarten,12th Grade,1-Regular local school district that is NOT a component of a supervisory union,03-Elementary/secondary school system,2847.8,2822.9,16.76,16.91,5177.2,436,32.7,40.5,56,0,96.5,14.3,22,29.5,46.5,138.9,156,249.4,1107.6,47732,47732
13119,Franklin County,FRANKLIN COUNTY,Georgia,118,509,871,1829,252,2081,2240,1135,1829,1867,1867,1829,3,47,329,370,2803,0,144,3696,47,3,329,370,2803,0,144,3696,GEORGIA,Franklin County,1302250,Prekindergarten,12th Grade,1-Regular local school district that is NOT a component of a supervisory union,03-Elementary/secondary school system,245.7,245.7,15.04,15.04,524.2,65.4,8,3,5,0,8,5,3,8.7,4.1,15.4,21,20.5,119.4,3696,3696
13121,Fulton County,FULTON COUNTY,Georgia,6381,9618,17783,40191,3480,43674,56762,30189,46992,48542,48542,46992,103,10707,14584,40116,27251,53,2720,95534,10707,103,14584,40116,27251,53,2720,95534,GEORGIA,Fulton County,1302280,Prekindergarten,12th Grade,1-Regular local school district that is NOT a component of a supervisory union,03-Elementary/secondary school system,6181.1,6137.2,15.46,15.57,12341.1,1415.9,248.4,61,129.4,0,190.4,92.5,91.9,101,92.5,291,497.2,671.2,2468,95534,95534
13139,Hall County,GAINESVILLE CITY,Georgia,2308,714,731,5538,573,6111,4963,2125,3868,4101,4101,3868,6,259,4845,1466,1180,3,210,7969,259,6,4845,1466,1180,3,210,7969,GEORGIA,Gainesville City,1302310,Prekindergarten,12th Grade,1-Regular local school district that is NOT a component of a supervisory union,03-Elementary/secondary school system,514.5,514.5,15.49,15.49,954.1,102,13,6,8,0,14,8,7.5,13.9,10,29,28,38.5,175.7,7969,7969
13123,Gilmer County,GILMER COUNTY,Georgia,535,380,1463,2422,281,2703,2518,1182,2045,2086,2086,2045,4,12,1132,15,2928,0,40,4131,12,4,1132,15,2928,0,40,4131,GEORGIA,Gilmer County,1302340,Prekindergarten,12th Grade,1-Regular local school district that is NOT a component of a supervisory union,03-Elementary/secondary school system,272,263.9,15.19,15.65,552.6,63.6,7.5,3.5,4.5,0,8,6,4,7.8,6.2,14,20.8,17.2,125.5,4131,4131
13125,Glascock County,GLASCOCK COUNTY,Georgia,3,49,132,289,24,313,306,157,237,302,302,237,0,0,7,40,478,0,14,539,0,0,7,40,478,0,14,539,GEORGIA,Glascock County,1302370,Prekindergarten,12th Grade,1-Regular local school district that is NOT a component of a supervisory union,03-Elementary/secondary school system,40.9,40.8,13.18,13.21,97.6,16.5,1.6,0.3,0.5,0,0.8,0.5,0.5,3.7,0.8,2.2,3.2,4,22.9,539,539
13127,Glynn County,GLYNN COUNTY,Georgia,709,1795,4261,6954,872,7826,8066,3683,6577,6698,6698,6577,36,190,1587,4639,6285,39,499,13275,190,36,1587,4639,6285,39,499,13275,GEORGIA,Glynn County,1302400,Prekindergarten,12th Grade,1-Regular local school district that is NOT a component of a supervisory union,03-Elementary/secondary school system,883,846.6,15.03,15.68,1904.7,260.5,11.4,12.5,15.5,0,28,16,13.5,26.6,14.5,57.1,56,69.5,468.6,13275,13275
13129,Gordon County,GORDON COUNTY,Georgia,340,763,1166,3505,706,4211,3920,2024,3252,3510,3510,3252,19,50,1120,128,5262,2,181,6762,50,19,1120,128,5262,2,181,6762,GEORGIA,Gordon County,1302430,Prekindergarten,12th Grade,1-Regular local school district that is NOT a component of a supervisory union,03-Elementary/secondary school system,453.3,453.3,14.92,14.92,817.2,48,0,6,6,0,12,7.8,1,12.5,7.5,26.3,30.5,30.8,187.5,6762,6762
13131,Grady County,GRADY COUNTY,Georgia,429,511,2367,4236,0,4236,2833,1226,2302,2394,2394,2302,23,16,1032,1569,1946,1,109,4696,16,23,1032,1569,1946,1,109,4696,GEORGIA,Grady County,1302460,Prekindergarten,12th Grade,1-Regular local school district that is NOT a component of a supervisory union,03-Elementary/secondary school system,314.2,312.1,14.95,15.05,643.1,99,7.5,5,4,0,9,7,1,9.8,5,15.1,20.5,20,135,4696,4696
13133,Greene County,GREENE COUNTY,Georgia,114,282,831,1657,68,1725,1520,638,1255,1281,1281,1255,6,30,328,1179,909,1,83,2536,30,6,328,1179,909,1,83,2536,GEORGIA,Greene County,1302490,Prekindergarten,12th Grade,1-Regular local school district that is NOT a component of a supervisory union,03-Elementary/secondary school system,203.1,198.1,12.49,12.8,410.6,50.5,9.5,1.8,2.2,0,4,4.8,5,12.8,6,10.5,14,13.2,77.2,2536,2536
13255,Spalding County,GRIFFIN RESA,Georgia,NA,NA,NA,NA,NA,NA,NA,NA,NA,NA,NA,NA,NA,NA,NA,NA,NA,NA,NA,0,NA,NA,NA,NA,NA,NA,NA,NA,GEORGIA,Griffin RESA,1300012,NA,NA,4-Regional Education Service Agency (RESA),07-Educational service agency,2,NA,NA,NA,36,0,2.5,0,0,0,0,0,0,12,2,0,6,4,7.5,NA,NA
13255,Spalding County,GRIFFIN-SPALDING COUNTY,Georgia,292,1186,3989,7038,947,7985,6309,2804,5056,5327,5327,5056,30,81,854,4897,4024,6,491,10383,81,30,854,4897,4024,6,491,10383,GEORGIA,Griffin-Spalding County,1302520,Prekindergarten,12th Grade,1-Regular local school district that is NOT a component of a supervisory union,03-Elementary/secondary school system,673.8,650.4,15.41,15.96,1494.1,168.1,33.7,11,14.5,0,25.5,17,3,21.5,27.5,45,62.5,50.3,366.2,10383,10383
13135,Gwinnett County,GWINNETT COUNTY,Georgia,24927,22552,40690,84066,14443,98509,109297,56851,87248,92018,92018,87248,331,18729,54616,57217,41400,173,6800,179266,18729,331,54616,57217,41400,173,6800,179266,GEORGIA,Gwinnett County,1302550,Prekindergarten,12th Grade,1-Regular local school district that is NOT a component of a supervisory union,03-Elementary/secondary school system,11240.6,11144.8,15.95,16.09,20926.1,1808.7,151,136,219.8,0,355.8,137.9,103.9,101,163.7,681.5,1224.3,520.9,4436.8,179266,179266
13137,Habersham County,HABERSHAM COUNTY,Georgia,961,1154,1729,3574,630,4204,4206,1924,3361,3550,3550,3361,6,182,2071,173,4294,1,184,6911,182,6,2071,173,4294,1,184,6911,GEORGIA,Habersham County,1302580,Prekindergarten,12th Grade,1-Regular local school district that is NOT a component of a supervisory union,03-Elementary/secondary school system,485.1,485.2,14.25,14.24,1062.6,128,13.5,7,7,0,14,12,13,11.9,5,27.5,36.5,43.3,272.8,6911,6911
13139,Hall County,HALL COUNTY,Georgia,5198,3468,7490,13651,1877,15528,16653,8547,13357,14076,14076,13357,34,348,11860,1286,13278,22,605,27433,348,34,11860,1286,13278,22,605,27433,GEORGIA,Hall County,1302610,Prekindergarten,12th Grade,1-Regular local school district that is NOT a component of a supervisory union,03-Elementary/secondary school system,1726.8,1727.1,15.89,15.88,3236,364.3,50,19.5,26.5,0,46,32,31.9,15,16,90,108.6,148.5,606.9,27433,27433
13141,Hancock County,HANCOCK COUNTY,Georgia,4,117,459,877,0,877,509,247,414,463,463,414,0,2,7,843,18,1,6,877,2,0,7,843,18,1,6,877,GEORGIA,Hancock County,1302640,Prekindergarten,12th Grade,1-Regular local school district that is NOT a component of a supervisory union,03-Elementary/secondary school system,91,64,9.64,13.7,216.1,17,4.7,1,2,0,3,2,0,7.8,1.4,6,9,10.7,63.5,877,877
13143,Haralson County,HARALSON COUNTY,Georgia,16,569,1454,2107,200,2307,2050,962,1694,1762,1762,1694,5,9,91,80,3126,4,141,3456,9,5,91,80,3126,4,141,3456,GEORGIA,Haralson County,1302670,Prekindergarten,12th Grade,1-Regular local school district that is NOT a component of a supervisory union,03-Elementary/secondary school system,255.7,255.8,13.52,13.51,494.5,70.9,1,4,4,0,8,6,2,7.9,3.5,19.7,17.5,13.5,88.8,3456,3456
13145,Harris County,HARRIS COUNTY,Georgia,21,534,637,1561,421,1982,3027,1691,2569,2725,2725,2569,9,30,281,835,3892,2,245,5294,30,9,281,835,3892,2,245,5294,GEORGIA,Harris County,1302700,Prekindergarten,12th Grade,1-Regular local school district that is NOT a component of a supervisory union,03-Elementary/secondary school system,329,320,16.09,16.54,725.6,108.1,3.5,5,8,0,13,6.8,6,9.9,9,18.1,36,29,157.2,5294,5294
13147,Hart County,HART COUNTY,Georgia,75,458,1179,1831,351,2182,2185,1020,1717,1850,1850,1717,4,42,276,833,2256,0,156,3567,42,4,276,833,2256,0,156,3567,GEORGIA,Hart County,1302730,Prekindergarten,12th Grade,1-Regular local school district that is NOT a component of a supervisory union,03-Elementary/secondary school system,230.2,230.1,15.5,15.5,476.8,48.8,8.5,3,4.5,0,7.5,4.1,0,11.3,2,12.5,20,13,118.9,3567,3567
13149,Heard County,HEARD COUNTY,Georgia,5,310,761,1210,169,1379,1220,618,983,1133,1133,983,3,9,51,180,1764,0,109,2116,9,3,51,180,1764,0,109,2116,GEORGIA,Heard County,1302790,Prekindergarten,12th Grade,1-Regular local school district that is NOT a component of a supervisory union,03-Elementary/secondary school system,135.8,135.8,15.58,15.58,264.2,23.5,1,1,2,0,3,3.8,2,4.5,4.4,10.5,9,8.3,58.4,2116,2116
13091,Dodge County,HEART OF GEORGIA RESA,Georgia,NA,NA,NA,NA,NA,NA,NA,NA,NA,NA,NA,NA,NA,NA,NA,NA,NA,NA,NA,0,NA,NA,NA,NA,NA,NA,NA,NA,GEORGIA,Heart of Georgia RESA,1300017,NA,NA,4-Regional Education Service Agency (RESA),07-Educational service agency,13,NA,NA,NA,67.5,17,7,0,0,0,0,0,0,5.5,6,0,3,14,2,NA,NA
13151,Henry County,HENRY COUNTY,Georgia,759,5626,12115,18777,3173,21950,25022,14142,20479,21529,21529,20479,73,1189,4130,22360,12315,48,1893,42008,1189,73,4130,22360,12315,48,1893,42008,GEORGIA,Henry County,1302820,Prekindergarten,12th Grade,1-Regular local school district that is NOT a component of a supervisory union,03-Elementary/secondary school system,2760.8,2755.2,15.22,15.25,5111.3,587.6,85.5,38.5,72,0,110.5,47.1,39.9,36,66.8,179,197,189.6,811.5,42008,42008
13153,Houston County,HOUSTON COUNTY,Georgia,848,3671,7779,15629,1735,17364,17817,8424,14426,15064,15064,14426,49,765,2739,11214,12931,28,1764,29490,765,49,2739,11214,12931,28,1764,29490,GEORGIA,Houston County,1302880,Prekindergarten,12th Grade,1-Regular local school district that is NOT a component of a supervisory union,03-Elementary/secondary school system,1885.3,1874.8,15.64,15.73,3957.1,465.1,40.2,24.2,37.8,0,62,37,4,52.4,42.3,134.7,127,181.9,925.2,29490,29490
13155,Irwin County,IRWIN COUNTY,Georgia,3,280,734,1425,0,1425,1039,479,813,920,920,813,4,4,83,548,1065,0,29,1733,4,4,83,548,1065,0,29,1733,GEORGIA,Irwin County,1302910,Prekindergarten,12th Grade,1-Regular local school district that is NOT a component of a supervisory union,03-Elementary/secondary school system,129.3,129.3,13.4,13.4,252.5,35.2,2.1,2,3,0,5,2,0,8.3,4,9.4,9.5,8.5,39.2,1733,1733
13157,Jackson County,JACKSON COUNTY,Georgia,343,1090,1953,3152,581,3733,4731,2120,3777,3919,3919,3777,17,209,1106,442,5643,2,277,7696,209,17,1106,442,5643,2,277,7696,GEORGIA,Jackson County,1302940,Prekindergarten,12th Grade,1-Regular local school district that is NOT a component of a supervisory union,03-Elementary/secondary school system,489.4,489.5,15.73,15.72,1031.4,151.3,13.5,5.5,7,0,12.5,8.8,1,8.2,10,26.7,35.5,31.4,243.1,7696,7696
13159,Jasper County,JASPER COUNTY,Georgia,63,248,907,1324,208,1532,1424,691,1156,1259,1259,1156,1,0,164,563,1580,0,107,2415,0,1,164,563,1580,0,107,2415,GEORGIA,Jasper County,1302970,Prekindergarten,12th Grade,1-Regular local school district that is NOT a component of a supervisory union,03-Elementary/secondary school system,155.8,155.8,15.5,15.5,364.7,46.2,5.3,3,3.3,0,6.3,3,1,7.5,5.3,11.1,16.1,13.9,93.2,2415,2415
13161,Jeff Davis County,JEFF DAVIS COUNTY,Georgia,278,395,1099,2332,80,2412,1832,860,1509,1624,1624,1509,2,16,700,454,1889,1,71,3133,16,2,700,454,1889,1,71,3133,GEORGIA,Jeff Davis County,1303000,Prekindergarten,12th Grade,1-Regular local school district that is NOT a component of a supervisory union,03-Elementary/secondary school system,198,187.1,15.82,16.75,416.2,64,5,2,4,0,6,4,2,12.5,6,10.6,11,14.5,82.6,3133,3133
13157,Jackson County,JEFFERSON CITY,Georgia,64,408,260,746,231,977,2248,1103,1824,1900,1900,1824,5,63,264,313,2933,2,144,3724,63,5,264,313,2933,2,144,3724,GEORGIA,Jefferson City,1303030,Prekindergarten,12th Grade,1-Regular local school district that is NOT a component of a supervisory union,03-Elementary/secondary school system,234.5,234.4,15.88,15.89,403.8,54,2.5,2,3,0,5,4,4,9.5,1,9,15,9.7,55.6,3724,3724
13163,Jefferson County,JEFFERSON COUNTY,Georgia,46,346,1323,2635,0,2635,1475,828,1261,1374,1374,1261,2,14,159,1804,607,0,49,2635,14,2,159,1804,607,0,49,2635,GEORGIA,Jefferson County,1303060,Prekindergarten,12th Grade,1-Regular local school district that is NOT a component of a supervisory union,03-Elementary/secondary school system,193.7,192.7,13.6,13.67,400.2,37.5,6,3,4,0,7,5,4.8,7.2,1,11,16.9,13.2,96.9,2635,2635
13165,Jenkins County,JENKINS COUNTY,Georgia,34,113,547,1152,0,1152,676,309,554,598,598,554,1,2,77,595,448,0,29,1152,2,1,77,595,448,0,29,1152,GEORGIA,Jenkins County,1303090,Prekindergarten,12th Grade,1-Regular local school district that is NOT a component of a supervisory union,03-Elementary/secondary school system,96.6,95.6,11.93,12.05,201.4,22,2.1,1,2,0,3,1,2,6.8,3,7.3,6.5,2,49.1,1152,1152
13167,Johnson County,JOHNSON COUNTY,Georgia,3,150,439,1050,115,1165,661,373,565,600,600,565,2,5,47,489,597,0,25,1165,5,2,47,489,597,0,25,1165,GEORGIA,Johnson County,1303120,Prekindergarten,12th Grade,1-Regular local school district that is NOT a component of a supervisory union,03-Elementary/secondary school system,76,76,15.33,15.33,185,27,2.3,1,1.1,0,2.1,2,0,6.6,2,7.5,6.8,6.3,46.4,1165,1165
13169,Jones County,JONES COUNTY,Georgia,17,737,1481,2356,312,2668,3260,1555,2649,2759,2759,2649,4,26,96,1368,3733,5,176,5408,26,4,96,1368,3733,5,176,5408,GEORGIA,Jones County,1303150,Prekindergarten,12th Grade,1-Regular local school district that is NOT a component of a supervisory union,03-Elementary/secondary school system,361,346.7,14.98,15.6,736.5,80.9,3,4,6,0,10,7,7.8,10.8,3,23.3,22.8,27.3,179.6,5408,5408
13171,Lamar County,LAMAR COUNTY,Georgia,19,311,1109,1695,252,1947,1608,755,1293,1399,1399,1293,3,16,76,880,1602,1,114,2692,16,3,76,880,1602,1,114,2692,GEORGIA,Lamar County,1303210,Prekindergarten,12th Grade,1-Regular local school district that is NOT a component of a supervisory union,03-Elementary/secondary school system,167.3,167.4,16.09,16.08,355.9,43.5,3.7,2,3,0,5,4,3.5,7,5.5,9.4,12.5,14,80.5,2692,2692
13173,Lanier County,LANIER COUNTY,Georgia,27,206,709,1661,0,1661,1092,428,852,883,883,852,5,15,117,440,1093,1,64,1735,15,5,117,440,1093,1,64,1735,GEORGIA,Lanier County,1303240,Prekindergarten,12th Grade,1-Regular local school district that is NOT a component of a supervisory union,03-Elementary/secondary school system,125.1,125,13.87,13.88,259.2,33.7,1,1.4,2.2,0,3.6,1.8,0,8.8,3.8,9.1,9.1,9.1,54.1,1735,1735
13175,Laurens County,LAURENS COUNTY,Georgia,98,639,1802,4562,149,4711,3917,1774,3206,3293,3293,3206,10,63,245,1894,4154,7,126,6499,63,10,245,1894,4154,7,126,6499,GEORGIA,Laurens County,1301890,Prekindergarten,12th Grade,1-Regular local school district that is NOT a component of a supervisory union,03-Elementary/secondary school system,413.3,413.4,15.72,15.72,837.3,99,9.3,7.2,5,0,12.2,7,2,9.1,2,18.5,28.9,22,214,6499,6499
13177,Lee County,LEE COUNTY,Georgia,119,554,1576,2345,395,2740,3841,1835,3044,3411,3411,3044,5,195,206,1342,4480,7,220,6455,195,5,206,1342,4480,7,220,6455,GEORGIA,Lee County,1303270,Prekindergarten,12th Grade,1-Regular local school district that is NOT a component of a supervisory union,03-Elementary/secondary school system,386.7,382.6,16.69,16.87,810.5,80.7,5.2,4,8.5,0,12.5,9,8,15.4,2,19,29.9,25.6,216.5,6455,6455
13179,Liberty County,LIBERTY COUNTY,Georgia,103,1225,2766,5527,1166,6693,5907,2789,4861,5121,5121,4861,25,108,1209,5309,2416,69,846,9982,108,25,1209,5309,2416,69,846,9982,GEORGIA,Liberty County,1303300,Prekindergarten,12th Grade,1-Regular local school district that is NOT a component of a supervisory union,03-Elementary/secondary school system,648.8,610.8,15.39,16.34,1398.1,211,23,7,14,0,21,14,11,16.3,15,31,42,34.5,330.5,9982,9982
13181,Lincoln County,LINCOLN COUNTY,Georgia,miss,122,416,674,84,758,645,369,553,584,584,553,0,3,13,426,661,0,34,1137,3,0,13,426,661,0,34,1137,GEORGIA,Lincoln County,1303330,Prekindergarten,12th Grade,1-Regular local school district that is NOT a component of a supervisory union,03-Elementary/secondary school system,83.6,83.5,13.6,13.62,192.5,20,0.5,1,1.5,0,2.5,2,2,6.4,2,6,8,7.5,52,1137,1137
13183,Long County,LONG COUNTY,Georgia,156,460,1103,2280,470,2750,2270,974,1884,1830,1830,1884,10,14,607,953,1814,6,310,3714,14,10,607,953,1814,6,310,3714,GEORGIA,Long County,1303360,Prekindergarten,12th Grade,1-Regular local school district that is NOT a component of a supervisory union,03-Elementary/secondary school system,217.4,217.4,17.08,17.08,468.2,59,5.4,3.3,3.4,0,6.7,3,2,11.6,6.3,13.8,13.5,11.5,118,3714,3714
13185,Lowndes County,LOWNDES COUNTY,Georgia,245,1377,2359,4377,931,5308,6578,2865,5213,5427,5427,5213,14,123,1071,2348,6549,14,521,10640,123,14,1071,2348,6549,14,521,10640,GEORGIA,Lowndes County,1303390,Prekindergarten,12th Grade,1-Regular local school district that is NOT a component of a supervisory union,03-Elementary/secondary school system,692.8,669.2,15.36,15.9,1404.6,166,19.8,7,13,0,20,12,10,16.9,18,30,36,49.5,333.6,10640,10640
13187,Lumpkin County,LUMPKIN COUNTY,Georgia,69,602,826,1553,380,1933,2366,1118,1824,2032,2032,1824,15,17,307,45,3361,6,105,3856,17,15,307,45,3361,6,105,3856,GEORGIA,Lumpkin County,1303420,Prekindergarten,12th Grade,1-Regular local school district that is NOT a component of a supervisory union,03-Elementary/secondary school system,249.2,249.2,15.47,15.47,531.5,52,7,3,4.5,0,7.5,5,2,10.8,4.5,14,23,21.5,135,3856,3856
13193,Macon County,MACON COUNTY,Georgia,51,149,413,1361,0,1361,771,443,661,709,709,661,1,15,131,1100,99,0,24,1370,15,1,131,1100,99,0,24,1370,GEORGIA,Macon County,1303450,Prekindergarten,12th Grade,1-Regular local school district that is NOT a component of a supervisory union,03-Elementary/secondary school system,81.4,80.3,16.83,17.06,218.4,27,5.2,1,2,0,3,2,1,8.2,4,8,8,6.5,64.1,1370,1370
13195,Madison County,MADISON COUNTY,Georgia,197,804,1328,2454,435,2889,3000,1441,2350,2572,2572,2350,4,110,527,443,3604,0,234,4922,110,4,527,443,3604,0,234,4922,GEORGIA,Madison County,1303480,Prekindergarten,12th Grade,1-Regular local school district that is NOT a component of a supervisory union,03-Elementary/secondary school system,356.1,355.1,13.82,13.86,722.7,108,4.6,5,7,0,12,7.9,5.6,10.4,8.5,18.2,28.5,24.7,138.2,4922,4922
13067,Cobb County,MARIETTA CITY,Georgia,1447,971,624,4306,676,4985,5694,2500,4364,4562,4562,4364,29,185,3278,3436,1676,20,302,8926,185,29,3278,3436,1676,20,302,8926,GEORGIA,Marietta City,1303510,Prekindergarten,12th Grade,1-Regular local school district that is NOT a component of a supervisory union,03-Elementary/secondary school system,637.7,630.7,14,14.15,1170.7,105.3,39.2,10,10.5,0,20.5,12,6.5,15.6,13.4,30.5,51.2,59.3,179.5,8926,8926
13197,Marion County,MARION COUNTY,Georgia,55,142,559,1293,0,1293,824,417,728,680,680,728,0,11,176,470,728,1,22,1408,11,0,176,470,728,1,22,1408,GEORGIA,Marion County,1303540,Prekindergarten,12th Grade,1-Regular local school district that is NOT a component of a supervisory union,03-Elementary/secondary school system,87.1,87.1,16.17,16.17,215.2,31.6,1.5,1.5,1.5,0,3,1,1,6.7,1.8,6,8,6,61.5,1408,1408
13189,McDuffie County,MCDUFFIE COUNTY,Georgia,39,569,1959,2648,368,3016,2419,1144,1996,1978,1978,1996,4,13,182,2191,1432,4,148,3974,13,4,182,2191,1432,4,148,3974,GEORGIA,McDuffie County,1303570,Prekindergarten,12th Grade,1-Regular local school district that is NOT a component of a supervisory union,03-Elementary/secondary school system,269.4,264.4,14.75,15.03,595.6,79.8,2.6,3.5,6,0,9.5,6,5,8.4,7.5,14.5,27.2,17.4,148.3,3974,3974
13191,McIntosh County,MCINTOSH COUNTY,Georgia,4,180,346,1181,0,1181,804,401,660,720,720,660,4,13,36,583,673,1,70,1380,13,4,36,583,673,1,70,1380,GEORGIA,McIntosh County,1303600,Prekindergarten,12th Grade,1-Regular local school district that is NOT a component of a supervisory union,03-Elementary/secondary school system,95.1,95.1,14.51,14.51,205.2,19.5,3.5,1,2,0,3,2,2,7,1.8,5.5,9.3,10,46.5,1380,1380
13199,Meriwether County,MERIWETHER COUNTY,Georgia,19,542,1313,2753,0,2753,1634,733,1368,1393,1393,1368,4,14,83,1597,950,0,113,2761,14,4,83,1597,950,0,113,2761,GEORGIA,Meriwether County,1303630,Prekindergarten,12th Grade,1-Regular local school district that is NOT a component of a supervisory union,03-Elementary/secondary school system,178.5,178.4,15.47,15.48,460.4,47,6.1,2.8,5,0,7.8,2,2,14.8,5.5,17.8,18.1,18.8,142,2761,2761
13067,Cobb County,METRO RESA,Georgia,NA,NA,NA,NA,NA,NA,NA,NA,NA,NA,NA,NA,NA,NA,NA,NA,NA,NA,NA,0,NA,NA,NA,NA,NA,NA,NA,NA,GEORGIA,Metro RESA,1300009,NA,NA,4-Regional Education Service Agency (RESA),07-Educational service agency,24,NA,NA,NA,121.6,29,33,0,0,0,0,0,0,6,12.6,0,0,13,4,NA,NA
13153,Houston County,MIDDLE GEORGIA RESA,Georgia,NA,NA,NA,NA,NA,NA,NA,NA,NA,NA,NA,NA,NA,NA,NA,NA,NA,NA,NA,0,NA,NA,NA,NA,NA,NA,NA,NA,GEORGIA,Middle Georgia RESA,1300013,NA,NA,4-Regional Education Service Agency (RESA),07-Educational service agency,1.8,NA,NA,NA,22.9,0,0,0,0,0,0,0,0,15.3,2,0,3,0.8,0,NA,NA
13201,Miller County,MILLER COUNTY,Georgia,15,130,478,911,0,911,584,279,505,500,500,505,0,5,21,378,584,0,17,1005,5,0,21,378,584,0,17,1005,GEORGIA,Miller County,1303660,Prekindergarten,12th Grade,1-Regular local school district that is NOT a component of a supervisory union,03-Elementary/secondary school system,70.3,68.3,14.3,14.71,153.7,15.9,4.4,1,1,0,2,1,1,4.8,0.3,4,8.3,3.7,38,1005,1005
13205,Mitchell County,MITCHELL COUNTY,Georgia,37,224,1059,2127,0,2127,1443,549,1039,1142,1142,1039,0,12,148,1288,699,2,32,2181,12,0,148,1288,699,2,32,2181,GEORGIA,Mitchell County,1303690,Prekindergarten,12th Grade,1-Regular local school district that is NOT a component of a supervisory union,03-Elementary/secondary school system,176.6,176.6,12.35,12.35,362.4,34.5,5,2,2.5,0,4.5,4,0,5.5,6,10.7,18.5,8.8,88.3,2181,2181
13207,Monroe County,MONROE COUNTY,Georgia,21,545,1127,1876,264,2140,2356,1215,1989,2074,2074,1989,5,25,117,983,2805,1,127,4063,25,5,117,983,2805,1,127,4063,GEORGIA,Monroe County,1303720,Prekindergarten,12th Grade,1-Regular local school district that is NOT a component of a supervisory union,03-Elementary/secondary school system,271.1,265.3,14.99,15.31,617.3,64,0.5,3,5,0,8,4.8,7,8.8,4.4,19,28,17.1,184.6,4063,4063
13209,Montgomery County,MONTGOMERY COUNTY,Georgia,33,104,349,914,0,914,546,254,432,482,482,432,1,7,124,289,451,1,41,914,7,1,124,289,451,1,41,914,GEORGIA,Montgomery County,1303750,Prekindergarten,12th Grade,1-Regular local school district that is NOT a component of a supervisory union,03-Elementary/secondary school system,62.5,62.5,14.62,14.62,144.3,19.2,4,0.4,1.4,0,1.8,2,0.5,4.1,1,4.5,6.3,5.6,32.8,914,914
13211,Morgan County,MORGAN COUNTY,Georgia,41,355,838,1232,147,1379,1843,954,1484,1605,1605,1484,3,29,194,798,1957,0,108,3089,29,3,194,798,1957,0,108,3089,GEORGIA,Morgan County,1303780,Prekindergarten,12th Grade,1-Regular local school district that is NOT a component of a supervisory union,03-Elementary/secondary school system,228.2,225.4,13.54,13.7,479.7,64.8,3.1,3.8,4.1,0,7.9,3.8,4,8.4,7.9,13.5,14,11,113.1,3089,3089
13213,Murray County,MURRAY COUNTY,Georgia,631,755,1965,5095,456,5551,4482,2161,3587,3853,3853,3587,11,26,1844,25,5474,1,59,7440,26,11,1844,25,5474,1,59,7440,GEORGIA,Murray County,1303840,Prekindergarten,12th Grade,1-Regular local school district that is NOT a component of a supervisory union,03-Elementary/secondary school system,443.9,443.8,16.76,16.76,805.3,73,4.1,5,8.4,0,13.4,10,6,12.6,3,39.8,41,22,136.5,7440,7440
13215,Muscogee County,MUSCOGEE COUNTY,Georgia,961,4600,14536,24189,604,24793,19196,9102,15664,16099,16099,15664,60,814,2723,18571,7939,73,1583,31763,814,60,2723,18571,7939,73,1583,31763,GEORGIA,Muscogee County,1303870,Prekindergarten,12th Grade,1-Regular local school district that is NOT a component of a supervisory union,03-Elementary/secondary school system,1994.9,1953.9,15.92,16.26,4449.3,522.9,134.3,32,44.5,0,76.5,52,1,34.7,59.5,122.5,195.4,229.4,1026.2,31763,31763
13217,Newton County,NEWTON COUNTY,Georgia,632,2647,6971,11816,1659,13475,11713,5909,9549,10108,10108,9549,22,141,1712,10951,5973,23,835,19657,141,22,1712,10951,5973,23,835,19657,GEORGIA,Newton County,1303930,Prekindergarten,12th Grade,1-Regular local school district that is NOT a component of a supervisory union,03-Elementary/secondary school system,1269.6,1262.4,15.48,15.57,2628.6,354.3,54,16.8,28.6,0,45.4,21,1,18.4,15,67,85.5,82.2,615.2,19657,19657
13123,Gilmer County,NORTH GEORGIA RESA,Georgia,NA,NA,NA,NA,NA,NA,NA,NA,NA,NA,NA,NA,NA,NA,NA,NA,NA,NA,NA,0,NA,NA,NA,NA,NA,NA,NA,NA,GEORGIA,North Georgia RESA,1300007,NA,NA,4-Regional Education Service Agency (RESA),07-Educational service agency,12,NA,NA,NA,43,14,1,0,0,0,0,0,0,9,3,0,2.5,0,1.5,NA,NA
13059,Clarke County,NORTHEAST GEORGIA RESA,Georgia,NA,NA,NA,NA,NA,NA,NA,NA,NA,NA,NA,NA,NA,NA,NA,NA,NA,NA,NA,0,NA,NA,NA,NA,NA,NA,NA,NA,GEORGIA,Northeast Georgia RESA,1300010,NA,NA,4-Regional Education Service Agency (RESA),07-Educational service agency,33.7,NA,NA,NA,112.9,21.5,10.6,0,0,0,0,0,0,5.6,2.5,0,5.8,30.7,2.5,NA,NA
13115,Floyd County,NORTHWEST GEORGIA RESA,Georgia,NA,NA,NA,NA,NA,NA,NA,NA,NA,NA,NA,NA,NA,NA,NA,NA,NA,NA,NA,0,NA,NA,NA,NA,NA,NA,NA,NA,GEORGIA,Northwest Georgia RESA,1300006,NA,NA,4-Regional Education Service Agency (RESA),07-Educational service agency,34,NA,NA,NA,107.8,42.5,6.5,0,0,0,0,0,0,14.8,4,0,3,2,1,NA,NA
13219,Oconee County,OCONEE COUNTY,Georgia,243,884,599,1139,244,1383,4688,2487,3732,4018,4018,3732,7,449,579,349,6114,8,244,7750,449,7,579,349,6114,8,244,7750,GEORGIA,Oconee County,1303960,Prekindergarten,12th Grade,1-Regular local school district that is NOT a component of a supervisory union,03-Elementary/secondary school system,488.6,488.5,15.86,15.86,942,108.2,0,5,10,0,15,9.9,12,15.4,8,26,38,23.9,197,7750,7750
13303,Washington County,OCONEE RESA,Georgia,NA,NA,NA,NA,NA,NA,NA,NA,NA,NA,NA,NA,NA,NA,NA,NA,NA,NA,NA,0,NA,NA,NA,NA,NA,NA,NA,NA,GEORGIA,Oconee RESA,1300014,NA,NA,4-Regional Education Service Agency (RESA),07-Educational service agency,12,NA,NA,NA,42,13,0,0,0,0,0,0,0,10,2.9,0,0.1,2,2,NA,NA
13221,Oglethorpe County,OGLETHORPE COUNTY,Georgia,85,288,740,1183,154,1337,1284,659,1040,1111,1111,1040,2,35,213,373,1422,2,104,2151,35,2,213,373,1422,2,104,2151,GEORGIA,Oglethorpe County,1303990,Prekindergarten,12th Grade,1-Regular local school district that is NOT a component of a supervisory union,03-Elementary/secondary school system,161.5,161.5,13.32,13.32,353.4,42.6,1.5,2.1,2.8,0,4.9,4,0,7.4,4.5,9.5,9.8,10.9,96.8,2151,2151
13299,Ware County,OKEFENOKEE RESA,Georgia,NA,NA,NA,NA,NA,NA,NA,NA,NA,NA,NA,NA,NA,NA,NA,NA,NA,NA,NA,0,NA,NA,NA,NA,NA,NA,NA,NA,GEORGIA,Okefenokee RESA,1300021,NA,NA,4-Regional Education Service Agency (RESA),07-Educational service agency,10,NA,NA,NA,42.8,13,7,0,0,0,0,0,0,3.6,3,0,1.5,2,2.7,NA,NA
13223,Paulding County,PAULDING COUNTY,Georgia,588,4163,4668,9596,2340,11936,17959,9244,14324,15101,15101,14324,68,277,2746,6964,17899,36,1435,29425,277,68,2746,6964,17899,36,1435,29425,GEORGIA,Paulding County,1304020,Prekindergarten,12th Grade,1-Regular local school district that is NOT a component of a supervisory union,03-Elementary/secondary school system,1818.7,1807.7,16.18,16.28,3331.6,343.9,67.5,22.5,42,0,64.5,33,32,18,33,96,111,116,598,29425,29425
13225,Peach County,PEACH COUNTY,Georgia,177,450,1345,3192,0,3192,2273,970,1786,1860,1860,1786,8,28,539,1845,1121,0,105,3646,28,8,539,1845,1121,0,105,3646,GEORGIA,Peach County,1304050,Prekindergarten,12th Grade,1-Regular local school district that is NOT a component of a supervisory union,03-Elementary/secondary school system,227.9,226,16,16.13,440.2,48,8.3,3,5,0,8,6,0,8.6,6,15.6,23,18,70.8,3646,3646
13205,Mitchell County,PELHAM CITY,Georgia,25,185,739,1465,0,1465,894,422,718,747,747,718,0,14,79,821,523,0,28,1465,14,0,79,821,523,0,28,1465,GEORGIA,Pelham City,1304080,Prekindergarten,12th Grade,1-Regular local school district that is NOT a component of a supervisory union,03-Elementary/secondary school system,104.8,103.8,13.98,14.11,219.7,35.5,1.4,1,2,0,3,1,3,6.6,2,7.4,9.5,8,37.5,1465,1465
13227,Pickens County,PICKENS COUNTY,Georgia,44,645,879,1815,438,2253,2606,1399,2098,2293,2293,2098,11,22,245,29,3992,0,92,4391,22,11,245,29,3992,0,92,4391,GEORGIA,Pickens County,1304110,Prekindergarten,12th Grade,1-Regular local school district that is NOT a component of a supervisory union,03-Elementary/secondary school system,295.1,289.4,14.88,15.17,590.5,53.3,2.7,4,5,0,9,7,7,12.5,8,16.9,24,18,137,4391,4391
13229,Pierce County,PIERCE COUNTY,Georgia,107,422,1125,1816,299,2115,2207,1048,1765,1893,1893,1765,4,24,285,338,2898,4,105,3658,24,4,285,338,2898,4,105,3658,GEORGIA,Pierce County,1304140,Prekindergarten,12th Grade,1-Regular local school district that is NOT a component of a supervisory union,03-Elementary/secondary school system,241.9,241.9,15.12,15.12,444.5,28.2,2.5,3,4,0,7,5,3,7.9,9,17,16,17.5,89.5,3658,3658
13231,Pike County,PIKE COUNTY,Georgia,12,298,630,1155,196,1351,1912,1147,1592,1765,1765,1592,3,13,58,263,2936,4,80,3357,13,3,58,263,2936,4,80,3357,GEORGIA,Pike County,1304170,Prekindergarten,12th Grade,1-Regular local school district that is NOT a component of a supervisory union,03-Elementary/secondary school system,202,202,16.62,16.62,412.5,52,4,2,5,0,7,3,5,6.5,5.5,14.5,15.5,9.5,88,3357,3357
13311,White County,PIONEER RESA,Georgia,NA,NA,NA,NA,NA,NA,NA,NA,NA,NA,NA,NA,NA,NA,NA,NA,NA,NA,NA,0,NA,NA,NA,NA,NA,NA,NA,NA,GEORGIA,Pioneer RESA,1300008,NA,NA,4-Regional Education Service Agency (RESA),07-Educational service agency,24.7,NA,NA,NA,101.2,26.2,7.9,0,2,0,2,0,0,11.4,8.6,0,5,3,12.4,NA,NA
13233,Polk County,POLK COUNTY,Georgia,612,1143,4030,6703,0,6703,4756,2187,3862,3975,3975,3862,14,35,1703,1091,4594,1,399,7837,35,14,1703,1091,4594,1,399,7837,GEORGIA,Polk County,1304200,Prekindergarten,12th Grade,1-Regular local school district that is NOT a component of a supervisory union,03-Elementary/secondary school system,514.6,483.3,15.23,16.22,930.8,106,2.7,6,7,0,13,10,4,8.4,10,26,37.5,40,158.6,7837,7837
13235,Pulaski County,PULASKI COUNTY,Georgia,33,168,588,1217,0,1217,778,364,642,689,689,642,4,14,94,548,627,2,42,1331,14,4,94,548,627,2,42,1331,GEORGIA,Pulaski County,1304220,Prekindergarten,12th Grade,1-Regular local school district that is NOT a component of a supervisory union,03-Elementary/secondary school system,92.5,85,14.39,15.66,195.6,23,2,1,2,0,3,1.8,1,6.5,4.3,5.5,7.5,5.3,43.2,1331,1331
13237,Putnam County,PUTNAM COUNTY,Georgia,148,454,1425,1995,244,2239,1825,763,1496,1442,1442,1496,2,19,404,1086,1311,0,116,2938,19,2,404,1086,1311,0,116,2938,GEORGIA,Putnam County,1304260,Prekindergarten,12th Grade,1-Regular local school district that is NOT a component of a supervisory union,03-Elementary/secondary school system,223.1,205.1,13.17,14.32,462.5,57.5,9,3,3.9,0,6.9,4,2,8,4,7.5,13,18.5,109,2938,2938
13239,Quitman County,QUITMAN COUNTY,Georgia,3,53,136,333,0,333,179,113,168,165,165,168,1,0,0,245,75,0,12,333,0,1,0,245,75,0,12,333,GEORGIA,Quitman County,1304290,Prekindergarten,12th Grade,1-Regular local school district that is NOT a component of a supervisory union,03-Elementary/secondary school system,27,27,12.33,12.33,71.1,9,6.8,0,1,0,1,1,0,2.3,2,2,3,2.5,14.5,333,333
13241,Rabun County,RABUN COUNTY,Georgia,122,296,583,1171,290,1461,1356,625,1105,1146,1146,1105,9,5,400,15,1778,0,44,2251,5,9,400,15,1778,0,44,2251,GEORGIA,Rabun County,1304320,Prekindergarten,12th Grade,1-Regular local school district that is NOT a component of a supervisory union,03-Elementary/secondary school system,172.9,172.9,13.02,13.02,402.5,64.6,2.9,2,3,0,5,3,2,7.5,6,11.6,13,9,105,2251,2251
13243,Randolph County,RANDOLPH COUNTY,Georgia,3,114,793,914,0,914,463,270,431,484,484,431,0,0,5,872,19,0,19,915,0,0,5,872,19,0,19,915,GEORGIA,Randolph County,1304350,Prekindergarten,12th Grade,1-Regular local school district that is NOT a component of a supervisory union,03-Elementary/secondary school system,63,53,14.52,17.26,176.6,30,3,1,2,0,3,1.8,0,7.5,2,7.3,11,9.6,38.4,915,915
13245,Richmond County,RICHMOND COUNTY,Georgia,425,3522,17257,29698,0,29698,18627,8544,15292,15558,15558,15292,53,226,1510,22725,5228,170,938,30850,226,53,1510,22725,5228,170,938,30850,GEORGIA,Richmond County,1304380,Prekindergarten,12th Grade,1-Regular local school district that is NOT a component of a supervisory union,03-Elementary/secondary school system,1909.4,1882.1,16.16,16.39,4079.8,442.5,86.5,34,47,0,81,54,0,22,41,120.5,198,134.9,990,30850,30850
13247,Rockdale County,ROCKDALE COUNTY,Georgia,659,1890,2880,9814,1583,11397,9977,5263,8250,8450,8450,8250,14,249,2540,11163,2136,46,552,16700,249,14,2540,11163,2136,46,552,16700,GEORGIA,Rockdale County,1304410,Prekindergarten,12th Grade,1-Regular local school district that is NOT a component of a supervisory union,03-Elementary/secondary school system,1227.3,1167.9,13.61,14.3,2423.7,306.6,61.5,12,26,0,38,20,0,18,22,88.1,87.5,92.8,461.9,16700,16700
13115,Floyd County,ROME CITY,Georgia,755,708,3028,5141,196,5337,3872,1865,3128,3264,3264,3128,5,173,2152,2229,1572,3,258,6392,173,5,2152,2229,1572,3,258,6392,GEORGIA,Rome City,1304440,Prekindergarten,12th Grade,1-Regular local school district that is NOT a component of a supervisory union,03-Elementary/secondary school system,418.1,413.9,15.29,15.44,738.3,78.3,20,6,7,0,13,9,1,9.3,6,22,29,33,99.6,6392,6392
13051,Chatham County,SAVANNAH-CHATHAM COUNTY,Georgia,1233,4424,11831,18762,2069,20831,23745,9223,18577,18987,18987,18577,116,812,3193,21455,9991,56,1941,37564,812,116,3193,21455,9991,56,1941,37564,GEORGIA,Savannah-Chatham County,1301020,Prekindergarten,12th Grade,1-Regular local school district that is NOT a component of a supervisory union,03-Elementary/secondary school system,2687,2636.4,13.98,14.25,5592,604.8,76.5,56,47,0,103,48.1,39,45.1,82.8,131.2,216,195.7,1362.8,37564,37564
13249,Schley County,SCHLEY COUNTY,Georgia,3,139,382,543,149,692,789,385,657,663,663,657,1,18,52,213,1016,1,19,1320,18,1,52,213,1016,1,19,1320,GEORGIA,Schley County,1304470,Prekindergarten,12th Grade,1-Regular local school district that is NOT a component of a supervisory union,03-Elementary/secondary school system,84.4,84.4,15.64,15.64,167.5,21.1,0.5,1,2,0,3,1.8,2.1,6.9,2.7,4.8,5.1,6.1,29,1320,1320
13251,Screven County,SCREVEN COUNTY,Georgia,17,404,950,1487,369,1856,1415,638,1130,1216,1216,1130,3,16,66,1101,1095,1,64,2346,16,3,66,1101,1095,1,64,2346,GEORGIA,Screven County,1304500,Prekindergarten,12th Grade,1-Regular local school district that is NOT a component of a supervisory union,03-Elementary/secondary school system,162.7,159.6,14.42,14.7,340.7,43.3,5.4,2,2,0,4,2.5,2.7,6.1,3,9.8,12,12.3,76.9,2346,2346
13253,Seminole County,SEMINOLE COUNTY,Georgia,12,125,611,1414,0,1414,902,430,741,761,761,741,0,15,35,617,778,0,57,1502,15,0,35,617,778,0,57,1502,GEORGIA,Seminole County,1304530,Prekindergarten,12th Grade,1-Regular local school district that is NOT a component of a supervisory union,03-Elementary/secondary school system,104.4,104.4,14.39,14.39,214.6,25,1.2,1.7,2,0,3.7,2,0.5,3.9,1.5,4.5,8,5.2,54.7,1502,1502
13297,Walton County,SOCIAL CIRCLE CITY,Georgia,11,201,417,718,109,827,1075,534,863,921,921,863,1,24,70,384,1260,0,45,1784,24,1,70,384,1260,0,45,1784,GEORGIA,Social Circle City,1304540,Prekindergarten,12th Grade,1-Regular local school district that is NOT a component of a supervisory union,03-Elementary/secondary school system,109.4,109.5,16.31,16.29,222.6,28,4.4,1,2,0,3,3,3,6.8,2.5,8,7.5,9,38,1784,1784
13205,Mitchell County,SOUTHWEST GEORGIA RESA,Georgia,NA,NA,NA,NA,NA,NA,NA,NA,NA,NA,NA,NA,NA,NA,NA,NA,NA,NA,NA,0,NA,NA,NA,NA,NA,NA,NA,NA,GEORGIA,Southwest Georgia RESA,1300019,NA,NA,4-Regional Education Service Agency (RESA),07-Educational service agency,0,NA,NA,NA,21.8,0,8.7,0,0,0,0,0,0,3,1.3,0,1.8,3,4,NA,NA
13121,Fulton County,STATE CHARTER SCHOOLS II- GENESIS INNOVATION ACADEMY FOR BOY,GEORGIA,miss,10,45,58,15,73,190,NA,0,228,228,0,0,0,18,202,7,0,1,228,0,0,18,202,7,0,1,228,GEORGIA,State Charter Schools II- Genesis Innovation Academy for Boy,1300248,Kindergarten,6th Grade,7-Independent Charter District,01-Elementary school system only,17.6,17.7,12.95,12.88,25.2,4,0,0,0,0,0,0,0,1,0,1.3,0.3,0,1,228,228
13121,Fulton County,STATE CHARTER SCHOOLS II- GENESIS INNOVATION ACADEMY FOR GIR,GEORGIA,miss,4,48,14,22,36,146,NA,172,0,0,172,0,0,7,162,3,0,0,172,0,0,7,162,3,0,0,172,GEORGIA,State Charter Schools II- Genesis Innovation Academy for Gir,1300244,Kindergarten,6th Grade,7-Independent Charter District,01-Elementary school system only,17.7,17.7,9.72,9.72,24.5,3,0,0,0,0,0,0,0,1,0,1.3,0.5,0,1,172,172
13067,Cobb County,STATE CHARTER SCHOOLS II- INTERNATIONAL ACADEMY OF SMYRNA,GEORGIA,65,21,92,240,100,340,475,NA,286,268,268,286,1,9,101,405,10,0,28,554,9,1,101,405,10,0,28,554,GEORGIA,State Charter Schools II- International Academy of Smyrna,1300249,Kindergarten,6th Grade,7-Independent Charter District,01-Elementary school system only,36,36,15.39,15.39,44,3,1,1,0,0,1,1,0,0.5,0,1.5,0,0,0,554,554
13121,Fulton County,STATE CHARTER SCHOOLS II- RESURGENCE HALL CHARTER SCHOOL,GEORGIA,miss,4,28,64,12,76,36,NA,58,57,57,58,0,0,2,112,1,0,0,115,0,0,2,112,1,0,0,115,GEORGIA,State Charter Schools II- Resurgence Hall Charter School,1300247,6th Grade,6th Grade,7-Independent Charter District,01-Elementary school system only,7,7,16.43,16.43,8,0,0,0,0,0,0,0,0,0.5,0,0.5,0,0,0,115,115
13073,Columbia County,STATE CHARTER SCHOOLS II- SAIL CHARTER ACADEMY - SCHOOL FOR,GEORGIA,miss,23,3,46,15,61,358,NA,271,159,159,271,1,12,36,74,293,4,10,430,12,1,36,74,293,4,10,430,GEORGIA,State Charter Schools II- SAIL Charter Academy - School for,1300245,Kindergarten,6th Grade,7-Independent Charter District,01-Elementary school system only,27.4,27.5,15.69,15.64,50.2,8,0,0,0,0,0,0,0,4,0,1,2,3,4.8,430,430
13057,Cherokee County,STATE CHARTER SCHOOLS- CHEROKEE CHARTER ACADEMY,Georgia,52,103,40,83,40,123,746,NA,425,422,422,425,1,16,69,141,593,0,27,847,16,1,69,141,593,0,27,847,GEORGIA,State Charter Schools- Cherokee Charter Academy,1300230,Kindergarten,8th Grade,7-Independent Charter District,01-Elementary school system only,58.3,58.3,14.53,14.53,98.6,14,0.3,1,0,0,1,0,0,1.5,0,1.5,5,5,12,847,847
13043,Candler County,STATE CHARTER SCHOOLS- COASTAL PLAINS CHARTER HIGH SCHOOL -,GEORGIA,9,78,3,207,20,227,NA,644,316,328,328,316,0,2,62,206,361,2,11,644,2,0,62,206,361,2,11,644,GEORGIA,State Charter Schools- Coastal Plains Charter High School -,1300246,9th Grade,12th Grade,7-Independent Charter District,02-Secondary school system only,17.6,17.6,36.59,36.59,48.4,5.5,7.8,0,2.8,0,2.8,0,0,1.7,0,0.2,1.8,3.6,7.4,644,644
13063,Clayton County,STATE CHARTER SCHOOLS- DUBOIS INTEGRITY ACADEMY I,GEORGIA,21,74,325,miss,miss,3,564,NA,350,346,346,350,1,5,2,680,2,2,4,696,5,1,2,680,2,2,4,696,GEORGIA,State Charter Schools- Dubois Integrity Academy I,1300237,Kindergarten,5th Grade,7-Independent Charter District,01-Elementary school system only,44.5,44.5,15.64,15.64,63,8,0.5,0,0,0,0,0,0,2.5,2,1,0,2,2.5,696,696
13195,Madison County,STATE CHARTER SCHOOLS- FOOTHILLS CHARTER HIGH SCHOOL (MADISO,GEORGIA,19,192,3,400,38,438,NA,1258,577,681,681,577,1,12,130,409,674,2,30,1258,12,1,130,409,674,2,30,1258,GEORGIA,State Charter Schools- Foothills Charter High School (Madiso,1300235,9th Grade,12th Grade,7-Independent Charter District,02-Secondary school system only,40.1,40.1,31.37,31.37,110.7,10.3,13.8,0,4.6,0,4.6,0,0,1.5,1,0.2,19.8,3.8,15.6,1258,1258
13135,Gwinnett County,STATE CHARTER SCHOOLS- GEORGIA CONNECTIONS ACADEMY,Georgia,21,426,958,801,322,1123,2034,1765,2091,1794,1794,2091,15,76,308,1343,1931,2,210,3885,76,15,308,1343,1931,2,210,3885,GEORGIA,State Charter Schools- Georgia Connections Academy,1300227,Kindergarten,12th Grade,7-Independent Charter District,03-Elementary/secondary school system,107.1,107.1,36.27,36.27,138.2,0,2.3,3,7,0,10,0,0,4,0,3.8,9,2,0,3885,3885
13063,Clayton County,STATE CHARTER SCHOOLS- GEORGIA CYBER ACADEMY,GEORGIA,105,1885,3,7581,2045,9626,8161,5551,7396,6890,6890,7396,47,273,1158,5088,6799,24,897,14286,273,47,1158,5088,6799,24,897,14286,GEORGIA,State Charter Schools- Georgia Cyber Academy,1300232,Kindergarten,12th Grade,7-Independent Charter District,03-Elementary/secondary school system,386,386,37.01,37.01,591.5,39,53,1,21,0,22,0,0,10,11,12,6,40.5,12,14286,14286
13245,Richmond County,STATE CHARTER SCHOOLS- GEORGIA SCHOOL FOR INNOVATION AND THE,GEORGIA,3,69,3,miss,miss,3,659,NA,367,355,355,367,3,0,36,139,509,5,30,722,0,3,36,139,509,5,30,722,GEORGIA,State Charter Schools- Georgia School for Innovation and the,1300238,Kindergarten,8th Grade,7-Independent Charter District,01-Elementary school system only,47.4,47.4,15.23,15.23,70.5,14,1,0,0,0,0,0,0,1.6,0,2.5,3,0,1,722,722
13121,Fulton County,STATE CHARTER SCHOOLS- INTERNATIONAL CHARTER SCHOOL OF ATLAN,GEORGIA,47,29,3,7,0,7,515,NA,364,273,273,364,4,44,111,178,250,0,50,637,44,4,111,178,250,0,50,637,GEORGIA,State Charter Schools- International Charter School of Atlan,1300234,Kindergarten,6th Grade,7-Independent Charter District,01-Elementary school system only,44,44,14.48,14.48,82.5,15,1,1.8,0.2,0,2,0,0,2.3,1,2.7,4,2,8.5,637,637
13089,DeKalb County,STATE CHARTER SCHOOLS- IVY PREP ACADEMY AT KIRKWOOD FOR GIR,Georgia,miss,24,120,325,50,375,466,NA,512,0,0,512,0,2,12,497,0,0,1,512,2,0,12,497,0,0,1,512,GEORGIA,State Charter Schools- Ivy Prep Academy at Kirkwood for Gir,1300226,Kindergarten,8th Grade,7-Independent Charter District,01-Elementary school system only,34.5,34.5,14.84,14.84,77.1,4,3.5,0.5,0.5,0,1,0,0,3.5,1.5,3,3.1,5,18,512,512
13311,White County,STATE CHARTER SCHOOLS- MOUNTAIN EDUCATION CENTER SCHOOL,Georgia,61,316,79,1141,185,1326,NA,2237,1064,1173,1173,1064,2,8,333,83,1775,1,35,2237,8,2,333,83,1775,1,35,2237,GEORGIA,State Charter Schools- Mountain Education Center School,1300214,9th Grade,12th Grade,7-Independent Charter District,02-Secondary school system only,92.6,92.6,24.16,24.16,197.1,18.8,0.2,0,8.3,0,8.3,0,0,11.7,7.6,0.5,25,11.7,20.7,2237,2237
13077,Coweta County,STATE CHARTER SCHOOLS- ODYSSEY SCHOOL,Georgia,13,48,39,107,43,150,320,NA,164,194,194,164,0,4,35,113,182,0,24,358,4,0,35,113,182,0,24,358,GEORGIA,State Charter Schools- Odyssey School,1300023,Kindergarten,8th Grade,7-Independent Charter District,01-Elementary school system only,31.3,31.2,11.44,11.47,60.5,13.9,1,0.5,0.5,0,1,0.5,0,3.2,1.3,1,2,1.5,3.8,358,358
13121,Fulton County,STATE CHARTER SCHOOLS- PROVOST ACADEMY GEORGIA,Georgia,10,195,3,696,0,696,NA,1594,807,787,787,807,1,7,191,971,374,2,48,1594,7,1,191,971,374,2,48,1594,GEORGIA,State Charter Schools- Provost Academy Georgia,1300231,9th Grade,12th Grade,7-Independent Charter District,02-Secondary school system only,73,73,21.84,21.84,132,15,2,0,4,0,4,1,0,9,2,6,4,3,13,1594,1594
13185,Lowndes County,STATE CHARTER SCHOOLS- SCINTILLA CHARTER ACADEMY,GEORGIA,3,45,110,205,47,252,414,NA,250,249,249,250,2,2,29,201,241,0,24,499,2,2,29,201,241,0,24,499,GEORGIA,State Charter Schools- Scintilla Charter Academy,1300236,Kindergarten,5th Grade,7-Independent Charter District,01-Elementary school system only,32,32,15.59,15.59,61,9,1,1,0,0,1,1,0,2.5,1,1.5,2,2,8,499,499
13063,Clayton County,STATE CHARTER SCHOOLS- UTOPIAN ACADEMY FOR THE ARTS CHARTER,GEORGIA,miss,28,85,250,0,250,251,NA,125,126,126,125,0,1,12,236,1,0,1,251,1,0,12,236,1,0,1,251,GEORGIA,State Charter Schools- Utopian Academy for the Arts Charter,1300233,6th Grade,8th Grade,7-Independent Charter District,01-Elementary school system only,15,15,16.73,16.73,29.5,3,0,0,0,0,0,0,0,5,0.5,1,2.5,1.5,1,251,251
13089,DeKalb County,STATE SCHOOLS- ATLANTA AREA SCHOOL FOR THE DEAF,Georgia,3,169,36,96,20,116,70,91,78,91,91,78,0,4,53,83,29,0,0,169,4,0,53,83,29,0,0,169,GEORGIA,State Schools- Atlanta Area School for the Deaf,1300225,Prekindergarten,12th Grade,5-State agency providing elementary and/or secondary level instruction,03-Elementary/secondary school system,37,37,4.57,4.57,109,9,3,0,0,0,0,1,0,4,1,2,4,19,29,169,169
13021,Bibb County,STATE SCHOOLS- GEORGIA ACADEMY FOR THE BLIND,Georgia,miss,96,27,41,19,60,45,51,40,56,56,40,0,1,5,49,39,0,2,96,1,0,5,49,39,0,2,96,GEORGIA,State Schools- Georgia Academy for the Blind,1300224,1st Grade,12th Grade,5-State agency providing elementary and/or secondary level instruction,03-Elementary/secondary school system,34.5,34.5,2.78,2.78,130.8,18,0,0,0,0,0,1,0,2.3,1,3,4,10,57,96,96
13115,Floyd County,STATE SCHOOLS- GEORGIA SCHOOL FOR THE DEAF,Georgia,3,78,14,50,0,50,38,37,31,47,47,31,0,4,14,26,32,0,2,78,4,0,14,26,32,0,2,78,GEORGIA,State Schools- Georgia School for the Deaf,1300223,Prekindergarten,12th Grade,5-State agency providing elementary and/or secondary level instruction,03-Elementary/secondary school system,24.6,24.6,3.17,3.17,82.8,9,0.4,0,0,0,0,0,0,5.3,1,2,3,5.5,32,78,78
13257,Stephens County,STEPHENS COUNTY,Georgia,55,582,1378,2860,94,2954,2435,1143,1958,2055,2055,1958,2,44,175,504,2991,4,293,4013,44,2,175,504,2991,4,293,4013,GEORGIA,Stephens County,1304560,Prekindergarten,12th Grade,1-Regular local school district that is NOT a component of a supervisory union,03-Elementary/secondary school system,271.4,271.3,14.79,14.79,565.2,80.8,2.5,3,6,0,9,2,5,10.6,2,13.5,17.5,19.9,131,4013,4013
13259,Stewart County,STEWART COUNTY,Georgia,miss,54,211,479,0,479,304,111,224,255,255,224,2,0,2,455,17,0,3,479,0,2,2,455,17,0,3,479,GEORGIA,Stewart County,1304590,Prekindergarten,12th Grade,1-Regular local school district that is NOT a component of a supervisory union,03-Elementary/secondary school system,40.2,40.2,11.92,11.92,110.5,14.1,0.5,1,1,0,2,0.8,1.7,6.2,2,4.4,5,3,30.6,479,479
13261,Sumter County,SUMTER COUNTY,Georgia,232,577,2445,4532,0,4532,2769,1218,2273,2304,2304,2273,3,27,529,3276,648,0,94,4577,27,3,529,3276,648,0,94,4577,GEORGIA,Sumter County,1304620,Prekindergarten,12th Grade,1-Regular local school district that is NOT a component of a supervisory union,03-Elementary/secondary school system,311.1,311.1,14.71,14.71,653.3,71,13,4.5,4,0,8.5,6.5,5,12.7,6,16,25.5,21.5,156.5,4577,4577
13263,Talbot County,TALBOT COUNTY,Georgia,miss,61,458,480,0,480,285,138,241,239,239,241,0,0,0,435,43,2,0,480,0,0,0,435,43,2,0,480,GEORGIA,Talbot County,1304650,Prekindergarten,12th Grade,1-Regular local school district that is NOT a component of a supervisory union,03-Elementary/secondary school system,43.2,43.3,11.11,11.09,92,8.5,0.8,0,1,0,1,1,0,3,1,1,2,2,28.5,480,480
13265,Taliaferro County,TALIAFERRO COUNTY,Georgia,miss,28,126,130,0,130,109,46,87,86,86,87,0,3,15,131,22,0,2,173,3,0,15,131,22,0,2,173,GEORGIA,Taliaferro County,1304680,Prekindergarten,12th Grade,1-Regular local school district that is NOT a component of a supervisory union,06-Nonoperating school system,24.9,24.9,6.95,6.95,47.9,5,1.5,0,0,0,0,1,0,2.9,0.5,0.2,2,1.3,8.6,173,173
13267,Tattnall County,TATTNALL COUNTY,Georgia,245,520,1428,3492,0,3492,2338,1024,1875,1997,1997,1875,2,23,750,946,2014,3,134,3872,23,2,750,946,2014,3,134,3872,GEORGIA,Tattnall County,1304770,Prekindergarten,12th Grade,1-Regular local school district that is NOT a component of a supervisory union,03-Elementary/secondary school system,252.5,250.6,15.33,15.45,537.6,79.8,9.9,2.6,4.4,0,7,6,0,8.5,5.9,13.5,20,17,117.5,3872,3872
13269,Taylor County,TAYLOR COUNTY,Georgia,3,164,640,1096,33,1129,799,446,662,753,753,662,1,11,32,583,771,0,17,1415,11,1,32,583,771,0,17,1415,GEORGIA,Taylor County,1304800,Prekindergarten,12th Grade,1-Regular local school district that is NOT a component of a supervisory union,03-Elementary/secondary school system,101.3,101.3,13.97,13.97,209.4,26,2,0,2,0,2,1.6,2,4,2.5,8,7,6,47,1415,1415
13271,Telfair County,TELFAIR COUNTY,Georgia,41,158,652,1695,0,1695,1018,500,885,872,872,885,1,10,114,708,868,0,56,1757,10,1,114,708,868,0,56,1757,GEORGIA,Telfair County,1304830,Prekindergarten,12th Grade,1-Regular local school district that is NOT a component of a supervisory union,03-Elementary/secondary school system,117.1,NA,15,15.81,256.1,37.8,4,1,3,0,4,2,1,6,2.5,7,8,11,55.7,1757,1757
13273,Terrell County,TERRELL COUNTY,Georgia,8,165,1014,239,0,239,818,370,653,705,705,653,0,4,28,1258,64,0,4,1358,4,0,28,1258,64,0,4,1358,GEORGIA,Terrell County,1304860,Prekindergarten,12th Grade,1-Regular local school district that is NOT a component of a supervisory union,03-Elementary/secondary school system,79.8,79.7,17.02,17.04,209.6,32.1,4,1,1.5,0,2.5,2,2,3.2,2,7,10.5,6.2,58.3,1358,1358
13275,Thomas County,THOMAS COUNTY,Georgia,68,946,2631,4525,0,4525,3408,1676,2860,2975,2975,2860,24,43,398,2051,3108,7,204,5835,43,24,398,2051,3108,7,204,5835,GEORGIA,Thomas County,1304890,Prekindergarten,12th Grade,1-Regular local school district that is NOT a component of a supervisory union,03-Elementary/secondary school system,401.5,387.4,14.53,15.06,846.6,131,9.2,3,7,0,10,5,5,11.6,6.5,19,28,36.3,183.5,5835,5835
13293,Upson County,THOMASTON-UPSON COUNTY,Georgia,28,535,3181,3323,0,3323,2396,1311,2067,2083,2083,2067,6,23,132,1475,2335,1,178,4150,23,6,132,1475,2335,1,178,4150,GEORGIA,Thomaston-Upson County,1305280,Prekindergarten,12th Grade,1-Regular local school district that is NOT a component of a supervisory union,03-Elementary/secondary school system,268.1,258.2,15.48,16.07,617.6,72.1,8.1,5,4.4,0,9.4,3,5.2,10.3,9,16,28.7,15.8,171.9,4150,4150
13275,Thomas County,THOMASVILLE CITY,Georgia,7,312,1025,1839,90,1929,1697,762,1398,1478,1478,1398,7,28,57,1631,1113,1,39,2876,28,7,57,1631,1113,1,39,2876,GEORGIA,Thomasville City,1304950,Prekindergarten,12th Grade,1-Regular local school district that is NOT a component of a supervisory union,03-Elementary/secondary school system,205.3,202.7,14.01,14.19,410.9,62.8,12.3,3,4,0,7,5,2,8.8,4.5,10.4,14.5,23.4,54.9,2876,2876
13277,Tift County,TIFT COUNTY,Georgia,518,826,3443,7580,0,7580,4713,2208,3878,3990,3990,3878,5,91,1507,2731,3360,0,174,7868,91,5,1507,2731,3360,0,174,7868,GEORGIA,Tift County,1304980,Prekindergarten,12th Grade,1-Regular local school district that is NOT a component of a supervisory union,03-Elementary/secondary school system,528.7,500.7,14.88,15.71,1059.5,174.5,7.5,8,8.7,0,16.7,11.1,4,15.1,11.5,46.3,57,33.5,153.6,7868,7868
13279,Toombs County,TOOMBS COUNTY,Georgia,262,424,1460,2993,0,2993,1759,810,1393,1600,1600,1393,10,8,791,548,1499,3,134,2993,8,10,791,548,1499,3,134,2993,GEORGIA,Toombs County,1305040,Prekindergarten,12th Grade,1-Regular local school district that is NOT a component of a supervisory union,03-Elementary/secondary school system,212.7,212.6,14.07,14.08,412.4,51,5.9,3,3,0,6,4,0,6.8,2,12.6,13.5,14.4,83.5,2993,2993
13281,Towns County,TOWNS COUNTY,Georgia,9,135,269,407,80,487,596,328,475,523,523,475,3,14,51,11,908,2,9,998,14,3,51,11,908,2,9,998,GEORGIA,Towns County,1305070,Prekindergarten,12th Grade,1-Regular local school district that is NOT a component of a supervisory union,03-Elementary/secondary school system,84.4,83.4,11.82,11.97,206.4,38.3,1.1,1,1,0,2,1,2,4.7,4,5.1,6,9,48.8,998,998
13283,Treutlen County,TREUTLEN COUNTY,Georgia,8,147,738,1063,0,1063,699,279,573,556,556,573,1,3,28,454,603,0,40,1129,3,1,28,454,603,0,40,1129,GEORGIA,Treutlen County,1305100,Prekindergarten,12th Grade,1-Regular local school district that is NOT a component of a supervisory union,03-Elementary/secondary school system,80.9,80.9,13.96,13.96,160.7,22.5,2.3,1,1,0,2,1,2,5.2,2,3.8,3,6.3,29.7,1129,1129
13055,Chattooga County,TRION CITY,Georgia,56,108,135,498,132,630,804,413,637,764,764,637,0,11,266,16,1067,0,41,1401,11,0,266,16,1067,0,41,1401,GEORGIA,Trion City,1305130,Prekindergarten,12th Grade,1-Regular local school district that is NOT a component of a supervisory union,03-Elementary/secondary school system,90.7,90.6,15.45,15.46,180.1,21,0,0.5,1.7,0,2.2,2,2,8.1,2.5,6.9,9.6,7.5,27.6,1401,1401
13285,Troup County,TROUP COUNTY,Georgia,332,1113,4147,7712,644,8356,7477,3388,5940,6331,6331,5940,19,291,743,5267,5411,14,526,12271,291,19,743,5267,5411,14,526,12271,GEORGIA,Troup County,1300001,Prekindergarten,12th Grade,1-Regular local school district that is NOT a component of a supervisory union,03-Elementary/secondary school system,790.4,760.1,15.53,16.14,1677.8,183.3,25,11,16,0,27,17,14.5,20,18,47,72.4,53,410.2,12271,12271
13287,Turner County,TURNER COUNTY,Georgia,18,163,726,1218,0,1218,702,361,616,621,621,616,2,10,76,788,334,1,26,1237,10,2,76,788,334,1,26,1237,GEORGIA,Turner County,1305190,Prekindergarten,12th Grade,1-Regular local school district that is NOT a component of a supervisory union,03-Elementary/secondary school system,84.3,NA,14.67,14.67,195.8,30,0,1,2,0,3,2,0,6.5,4.5,5.5,7,7.5,45.5,1237,1237
13289,Twiggs County,TWIGGS COUNTY,Georgia,3,108,458,737,0,737,455,259,381,423,423,381,0,3,10,500,278,0,13,804,3,0,10,500,278,0,13,804,GEORGIA,Twiggs County,1305220,Prekindergarten,12th Grade,1-Regular local school district that is NOT a component of a supervisory union,03-Elementary/secondary school system,61.5,61.5,13.07,13.07,151.6,14.4,4.9,1,2,0,3,1,0,6.6,4.5,4.9,5,11.1,34.7,804,804
13291,Union County,UNION COUNTY,Georgia,21,409,521,1171,392,1563,1699,856,1377,1506,1506,1377,2,15,133,9,2652,0,72,2883,15,2,133,9,2652,0,72,2883,GEORGIA,Union County,1305250,Prekindergarten,12th Grade,1-Regular local school district that is NOT a component of a supervisory union,03-Elementary/secondary school system,206.8,206.7,13.94,13.95,457.2,80.7,0.3,2,3.3,0,5.3,4,2,8.5,4,11.6,15.6,18.2,100.2,2883,2883
13185,Lowndes County,VALDOSTA CITY,Georgia,209,1034,4989,8383,0,8383,5283,2117,4143,4240,4240,4143,27,116,466,6318,1230,9,217,8383,116,27,466,6318,1230,9,217,8383,GEORGIA,Valdosta City,1305310,Prekindergarten,12th Grade,1-Regular local school district that is NOT a component of a supervisory union,03-Elementary/secondary school system,528.5,528.7,15.86,15.86,1130.6,124.2,28,8,10.4,0,18.4,8,8,19,14,35.3,34,41.9,271.3,8383,8383
13279,Toombs County,VIDALIA CITY,Georgia,51,311,1173,2030,42,2072,1507,703,1267,1267,1267,1267,4,18,176,1266,980,1,89,2534,18,4,176,1266,980,1,89,2534,GEORGIA,Vidalia City,1305340,Prekindergarten,12th Grade,1-Regular local school district that is NOT a component of a supervisory union,03-Elementary/secondary school system,169.8,168.9,14.92,15,357.1,49.5,3,2,3,0,5,3.5,3.5,7.2,3,8.2,12.8,11.5,80.1,2534,2534
13295,Walker County,WALKER COUNTY,Georgia,64,1512,3510,5568,932,6500,5379,2429,4145,4665,4665,4145,20,35,288,505,7526,6,430,8810,35,20,288,505,7526,6,430,8810,GEORGIA,Walker County,1305370,Prekindergarten,12th Grade,1-Regular local school district that is NOT a component of a supervisory union,03-Elementary/secondary school system,710,703,12.41,12.53,1404.5,132.8,13.9,7.5,14.5,0,22,12,3.4,10,12.5,38.5,63.5,75.3,310.6,8810,8810
13297,Walton County,WALTON COUNTY,Georgia,329,1374,3624,5914,925,6839,8524,4091,6876,7192,7192,6876,40,245,1043,3178,9076,13,473,14068,245,40,1043,3178,9076,13,473,14068,GEORGIA,Walton County,1305390,Prekindergarten,12th Grade,1-Regular local school district that is NOT a component of a supervisory union,03-Elementary/secondary school system,850,850,16.55,16.55,1653.6,140,4,9,15,0,24,15,6,16,21,45,61,42.6,429,14068,14068
13299,Ware County,WARE COUNTY,Georgia,111,1009,2616,5527,0,5527,3764,1548,3007,3127,3127,3007,1,53,403,2219,3130,1,327,6134,53,1,403,2219,3130,1,327,6134,GEORGIA,Ware County,1305430,Prekindergarten,12th Grade,1-Regular local school district that is NOT a component of a supervisory union,03-Elementary/secondary school system,421,402,14.57,15.26,913.6,119.8,20,6,6.1,0,12.1,10.3,6,9.3,9,23.4,41.3,33,208.4,6134,6134
13301,Warren County,WARREN COUNTY,Georgia,miss,74,405,607,0,607,389,144,296,311,311,296,0,0,2,548,42,0,15,607,0,0,2,548,42,0,15,607,GEORGIA,Warren County,1305460,Prekindergarten,12th Grade,1-Regular local school district that is NOT a component of a supervisory union,03-Elementary/secondary school system,48.6,48.7,12.49,12.46,103.9,14.5,0,0,1,0,1,1,0,3.8,1,3,5,3.5,22.5,607,607
13303,Washington County,WASHINGTON COUNTY,Georgia,13,368,1638,2685,0,2685,1956,848,1516,1587,1587,1516,2,14,49,1994,933,1,110,3103,14,2,49,1994,933,1,110,3103,GEORGIA,Washington County,1305490,Prekindergarten,12th Grade,1-Regular local school district that is NOT a component of a supervisory union,03-Elementary/secondary school system,195.8,190.8,15.85,16.26,403.6,37,5,2,4,0,6,3,3,7.5,4,15.3,19,14,94,3103,3103
13305,Wayne County,WAYNE COUNTY,Georgia,95,730,2448,3916,182,4098,3268,1497,2605,2789,2789,2605,9,45,478,1162,3457,2,241,5394,45,9,478,1162,3457,2,241,5394,GEORGIA,Wayne County,1305550,Prekindergarten,12th Grade,1-Regular local school district that is NOT a component of a supervisory union,03-Elementary/secondary school system,361.3,361.3,14.93,14.93,769.2,114,10.5,4,5.4,0,9.4,8.3,6,11.6,5,18,25,19.9,180.2,5394,5394
13307,Webster County,WEBSTER COUNTY,Georgia,3,41,176,260,0,260,209,91,174,170,170,174,3,2,33,150,144,0,12,344,2,3,33,150,144,0,12,344,GEORGIA,Webster County,1305580,Prekindergarten,12th Grade,1-Regular local school district that is NOT a component of a supervisory union,03-Elementary/secondary school system,31,31.1,11.1,11.06,58.5,5,1.2,0.3,0.7,0,1,1,0,2,1,1.6,4,1,9.7,344,344
13077,Coweta County,WEST GEORGIA RESA,Georgia,NA,NA,NA,NA,NA,NA,NA,NA,NA,NA,NA,NA,NA,NA,NA,NA,NA,NA,NA,0,NA,NA,NA,NA,NA,NA,NA,NA,GEORGIA,West Georgia RESA,1300011,NA,NA,4-Regional Education Service Agency (RESA),07-Educational service agency,30,NA,NA,NA,103,34,8,0,0,0,0,0,0,13,5,0,3,7,3,NA,NA
13309,Wheeler County,WHEELER COUNTY,Georgia,29,131,624,NA,NA,438,600,285,489,511,511,489,0,0,55,362,583,0,0,1000,0,0,55,362,583,0,0,1000,GEORGIA,Wheeler County,1305640,Prekindergarten,12th Grade,1-Regular local school district that is NOT a component of a supervisory union,03-Elementary/secondary school system,77.1,75.2,12.97,13.3,174.1,22.5,1.6,1,1.8,0,2.8,2,1,4.8,2,7.1,5.5,3,44.7,1000,1000
13311,White County,WHITE COUNTY,Georgia,67,547,990,1665,299,1964,2381,1105,1823,1989,1989,1823,9,26,177,58,3400,0,142,3812,26,9,177,58,3400,0,142,3812,GEORGIA,White County,1305670,Prekindergarten,12th Grade,1-Regular local school district that is NOT a component of a supervisory union,03-Elementary/secondary school system,259.8,259.8,14.67,14.67,522.7,65.1,5,4,4.5,0,8.5,7,3.5,9.1,6,15.5,21.5,25.7,96,3812,3812
13313,Whitfield County,WHITFIELD COUNTY,Georgia,1905,1722,1461,7552,1682,9234,7910,3850,6250,6823,6823,6250,41,103,5640,187,6690,7,405,13073,103,41,5640,187,6690,7,405,13073,GEORGIA,Whitfield County,1305700,Prekindergarten,12th Grade,1-Regular local school district that is NOT a component of a supervisory union,03-Elementary/secondary school system,924.1,898.6,14.15,14.55,1708.7,188.5,35.7,15,15.5,0,30.5,21,14.4,17,16,61,72,68.9,259.6,13073,13073
13315,Wilcox County,WILCOX COUNTY,Georgia,10,133,444,1115,0,1115,722,320,540,645,645,540,2,6,55,399,691,0,32,1185,6,2,55,399,691,0,32,1185,GEORGIA,Wilcox County,1305730,Prekindergarten,12th Grade,1-Regular local school district that is NOT a component of a supervisory union,03-Elementary/secondary school system,83.4,82.4,14.21,14.38,178.3,21,4,1,2,0,3,1.5,0,6,4,5.4,6.5,6,37.5,1185,1185
13317,Wilkes County,WILKES COUNTY,Georgia,33,194,692,1469,0,1469,921,429,747,813,813,747,0,10,128,797,535,1,89,1560,10,0,128,797,535,1,89,1560,GEORGIA,Wilkes County,1305760,Prekindergarten,12th Grade,1-Regular local school district that is NOT a component of a supervisory union,03-Elementary/secondary school system,114.8,113.8,13.59,13.71,259.3,26.9,2.5,1,2.1,0,3.1,3,3,7.2,2,7,7.5,7,75.3,1560,1560
13319,Wilkinson County,WILKINSON COUNTY,Georgia,26,138,498,1304,0,1304,824,405,680,716,716,680,0,2,64,768,476,0,86,1396,2,0,64,768,476,0,86,1396,GEORGIA,Wilkinson County,1305790,Prekindergarten,12th Grade,1-Regular local school district that is NOT a component of a supervisory union,03-Elementary/secondary school system,97.8,97.8,14.27,14.27,225.6,28,3,1,2,0,3,1.5,1,6.1,2,11.7,8.5,6,57,1396,1396
13321,Worth County,WORTH COUNTY,Georgia,36,256,1657,3000,0,3003,1994,868,1637,1634,1634,1637,6,23,68,1109,1970,2,93,3271,23,6,68,1109,1970,2,93,3271,GEORGIA,Worth County,1305850,Prekindergarten,12th Grade,1-Regular local school district that is NOT a component of a supervisory union,03-Elementary/secondary school system,207.3,207.3,15.78,15.78,442.3,51.1,6.9,2,5,0,7,4,4,9,7.3,14.7,18,17.1,95.9,3271,3271
